path,bytes,format,sha256
.gitignore,414,file,76c6af8c4b6651b7e4ca53149664287b6cd6ac0d5a80538427364f9fd454575c
MODEL_CATALOG.md,6851,md,f1b77b4cd7e707347f8ecefa67e3a8f609aaaec21f0c9cb52399bbede1f9dda5
README.md,5734,md,57103e48d3490a1203d058e91bba007d14cb6d9212919f2b946f8f4e3fad8c21
VERSIONS.md,6084,md,d58013134d4e3653f1d4104e5bd49c06a977f1cb14a748485e77af7c611e9286
docs/app.js,7222,js,c5de005f4b2f5c2f2f88c3e3bb48fe938403badd20db67adca5e9d6fc0ac8816
docs/index.html,2424,html,3c7fc332e3db5ea579d95a79e66bfed8c319de8dd4c8c668d05315c58193a5fb
docs/models.json,95043,json,b6ad0dd94dcdaf33b35b368676cc990d8e6b343cf1841776de2325e8899c052e
docs/styles.css,3305,css,3a9f3c65cba20ede9a0b9b83dc056f40b956ae16da54a66f826e17777eb9824b
docs/wind-tunnel.css,8037,css,1038c32d556bf65cb560229fa89e17ca01818ec3f774b02e6424aeb034861fae
docs/wind-tunnel.html,5626,html,5138e644326a7aab379577ee99228fed3714d87ccf1cad817326365a6a129ff7
docs/wind-tunnel.js,24269,js,f94e3498d7fda8fa0ab08042f38032a0cf3eaa6819d1ced1a59e547abcd4a0f6
outputs/FORMULA_EV_V5_PRINT_PARTS/01_enhanced_monocoque.stl,34284,stl,92ffef91e612d3e010fcde54099ff0c2f22ae63495012f46046df0fd1e70b34a
outputs/FORMULA_EV_V5_PRINT_PARTS/02_sensor_nose_cone.stl,25384,stl,c1f180bf62a282997246b6585672008a9ba626806e7f2ed33500dfa2d5166b3f
outputs/FORMULA_EV_V5_PRINT_PARTS/03_sculpted_sidepods_and_radiator_ducts.stl,64084,stl,d3dd54ab5ead31b610a073956957382811dba5b8bd5b2280773570ccc56efdaa
outputs/FORMULA_EV_V5_PRINT_PARTS/04_rear_wing_mainplane.stl,16884,stl,e44aada11522427afda154140e6d1942d0cf38e417c44a99f5fb4ea53a70c01c
outputs/FORMULA_EV_V5_PRINT_PARTS/05_drs_flap_animated.stl,8684,stl,de484a50de2ba3b65f80723c1a648ccaad839cd001c8acbfcd65c6a096accc59
outputs/FORMULA_EV_V5_PRINT_PARTS/06_drs_actuator.stl,6484,stl,f5baa05470d510c0ad57da716774bb882ab6403eef789f3b279c1bf7e88a0f77
outputs/FORMULA_EV_V5_PRINT_PARTS/07_enhanced_halo.stl,29484,stl,75226ec6690fb1cf465e84825d294cc79fd9ecebf1ba57a947802b146c459e49
outputs/FORMULA_EV_V5_PRINT_PARTS/08_detailed_cockpit.stl,34084,stl,63c3d5c2e2bf2c2812403b1366402b832bd766437cd9c820cc9eb93a28df1031
outputs/FORMULA_EV_V5_PRINT_PARTS/09_front_pushrod_suspension.stl,83884,stl,d8cc48f593313cb6c9d8a163bb283af7cf9fcfeb5599606a8804c2e56586f154
outputs/FORMULA_EV_V5_PRINT_PARTS/10_rear_pushrod_suspension.stl,81684,stl,b745c20aadda6bf6ef0c23bac44dba675cc43140343c8c95c85779a421f76656
outputs/FORMULA_EV_V5_PRINT_PARTS/11_battery_modules_and_busbars.stl,21084,stl,b092e7157c6a983bebac1756c4f281b4f4ff2f0651271a8bc6155a1bd1d092a1
outputs/FORMULA_EV_V5_PRINT_PARTS/12_motor_gearbox_and_cooling.stl,119884,stl,6774ca373853efeb24ef4c6e38df5ef0e064daa4647e5e23fd4c6be472590f5c
outputs/FORMULA_EV_V5_PRINT_PARTS/13_inverter_and_hv_connectors.stl,14684,stl,f0c4bda26eb990d902ccc9a1ce413d49f029d0772e158fec2de18be0d08bd9bc
outputs/FORMULA_EV_V5_PRINT_PARTS/14_radiator_cooling_system.stl,7284,stl,cf165683e276eeb8e1e44c0557c6df8e582e720b3a4f2cf384fcce1cd97f792d
outputs/FORMULA_EV_V5_PRINT_PARTS/15_telemetry_antennas.stl,6484,stl,371b28210eeb2fa46792fafea608dc93cb9f5b3789a0396b21ee4de35b9ae817
outputs/FORMULA_EV_V5_PRINT_PARTS/16_front_left_slick_tire.stl,81684,stl,4cfdf6ced9aa020d1efed52e8fb4387b2db9fbd40efb5d5bc2ddbb1637613997
outputs/FORMULA_EV_V5_PRINT_PARTS/17_front_left_detailed_rim.stl,79284,stl,3c3f4609ec9e61d1d8aaaa64fd088469e254000bf6c2da0b95eebcaa674db543
outputs/FORMULA_EV_V5_PRINT_PARTS/18_front_left_drilled_brake_rotor.stl,43884,stl,397a17ee69a00b18231aa9882f289e62cb4934f89018e0b135598aca6a262e8a
outputs/FORMULA_EV_V5_PRINT_PARTS/19_front_left_center_lock.stl,14284,stl,16172271d3dd013a4fd8dab68abe46f6f732e68200b57960343fe5e01271d16e
outputs/FORMULA_EV_V5_PRINT_PARTS/20_front_right_slick_tire.stl,81684,stl,beffe7d2d7da82d55c7245c1d62c9cd60d3f4e7c6c834646db5520776ccd1dbd
outputs/FORMULA_EV_V5_PRINT_PARTS/21_front_right_detailed_rim.stl,79284,stl,fdd9152ad93a58d8dc25a7798c5adced57076666152150342f53dac0ae10e4d4
outputs/FORMULA_EV_V5_PRINT_PARTS/22_front_right_drilled_brake_rotor.stl,43884,stl,8c7c00c3a0879f25a5323ff710bdf55a4f4b499da4c180c092b84e0b97486fc2
outputs/FORMULA_EV_V5_PRINT_PARTS/23_front_right_center_lock.stl,14284,stl,b217e993df4d772ea29c8b539f3bc3adbd313d9a44271c4fd73e23961abeaa6d
outputs/FORMULA_EV_V5_PRINT_PARTS/24_rear_left_slick_tire.stl,81684,stl,9baa45a257ceac85e9022312be939d1f976b92f29267a45c3b35eb5b57b9fbfd
outputs/FORMULA_EV_V5_PRINT_PARTS/25_rear_left_detailed_rim.stl,79284,stl,ec25258920495cd23c71847a24a9444683c8eb10a5c66b16b6c4aee85be0dfa3
outputs/FORMULA_EV_V5_PRINT_PARTS/26_rear_left_drilled_brake_rotor.stl,43884,stl,25554a4ea881bfeeffdf39977b5a6d9440bce30aa12c8385b8c5e3c56fbf78c7
outputs/FORMULA_EV_V5_PRINT_PARTS/27_rear_left_center_lock.stl,14284,stl,297734d6cd59f054f034ac89d31645d20bb5a598a335fa833d2044f8573d310a
outputs/FORMULA_EV_V5_PRINT_PARTS/28_rear_right_slick_tire.stl,81684,stl,1a4993647e83d982ba80b620141b7c314abb806c0f1529f1ae1e4a03d2448b3c
outputs/FORMULA_EV_V5_PRINT_PARTS/29_rear_right_detailed_rim.stl,79284,stl,619df81c12551131b43a94e39f5163b8d72c4c45aeeb05f086bbbc868e844007
outputs/FORMULA_EV_V5_PRINT_PARTS/30_rear_right_drilled_brake_rotor.stl,43884,stl,bdc27ee0793cab07b157d74f277da87fafa529fc2cb3ee6f9a72a81b4ccdbd8b
outputs/FORMULA_EV_V5_PRINT_PARTS/31_rear_right_center_lock.stl,14284,stl,ea9fdadb44b730643761dc504de5d58d089e1df99a8c1e7d63310b82a0528998
outputs/FORMULA_EV_V5_PRINT_PARTS/32_22_upper_floor_body.stl,3084,stl,7c0a16dcd1a2f218e487e34b56036154a4e4a10d5174bafb0d9b8f9f9b8e373d
outputs/FORMULA_EV_V5_PRINT_PARTS/33_23_left_venturi_tunnel.stl,7284,stl,6f178730c3eb85e9e605208559830b180732778d2e646f2775dd30a1105dadc1
outputs/FORMULA_EV_V5_PRINT_PARTS/34_24_right_venturi_tunnel.stl,7284,stl,fcf2d0f030a992db3e41ce78617cd9d7357e4598a620528465aebee3b60fc097
outputs/FORMULA_EV_V5_PRINT_PARTS/35_25_left_inlet_fences_x4.stl,32884,stl,355670a4f6c89b276bba3ae0fea9b84acbb5386570d7fdd7008dfd53af4e2af3
outputs/FORMULA_EV_V5_PRINT_PARTS/36_26_right_inlet_fences_x4.stl,32884,stl,977b05c4e81fcf463f874189e5d44fa07e2ba288a74ca654a538dc0955afe77a
outputs/FORMULA_EV_V5_PRINT_PARTS/37_27_left_floor_edge_wing.stl,20284,stl,0b69719dfa3d28c828018231cb70756c1e23d89bc813570c98df94c3e61be84e
outputs/FORMULA_EV_V5_PRINT_PARTS/38_28_right_floor_edge_wing.stl,20284,stl,61ee46ae38b626f0cdae505f0a4492cc86e755ba215217be345a1dd56ae0cde3
outputs/FORMULA_EV_V5_PRINT_PARTS/39_29_central_plank.stl,39084,stl,43f3230140b54171f97a32b9ed273716532e9d74712efb03b62fbd90f0de5442
outputs/FORMULA_EV_V5_PRINT_PARTS/40_30_titanium_skid_set.stl,2484,stl,da3f605633249845507663dfd214dfee8d733f004127c41beaf7264671a26b72
outputs/FORMULA_EV_V5_PRINT_PARTS/41_31_bib_tea_tray.stl,1284,stl,22c8db18b7b23957a11fb93d920300ecdda3dfb1b7185f16129b5c2f4f6d35ca
outputs/FORMULA_EV_V5_PRINT_PARTS/42_32_left_diffuser.stl,4084,stl,a5826fbec63fdf793a2261479e0843c7c4b178dd99aa9edc1f70584f238857ec
outputs/FORMULA_EV_V5_PRINT_PARTS/43_33_right_diffuser.stl,4084,stl,98706a62580083e1b7a568f576669b916ca67ce77ba3496c8c7dc7dc3b1048b4
outputs/FORMULA_EV_V5_PRINT_PARTS/44_34_diffuser_strakes.stl,3684,stl,96b69756dd0257b77a71c80c3ef274c3c300a7f6ff60b3b28601eda96d79035e
outputs/FORMULA_EV_V5_PRINT_PARTS/45_35_boat_tail_keel.stl,6284,stl,0cea36a440f35b57fad75fb6db56d9bdb919ec20ba9d43d937f759cb9cf0be97
outputs/FORMULA_EV_V5_PRINT_PARTS/46_36_rear_wake_fences.stl,9684,stl,e74f1e0b65f4c398e89e34f4f3bcf1d1e8af3f19237b21959886a99a14c4d6c4
outputs/FORMULA_EV_V5_PRINT_PARTS/47_37_floor_stays.stl,6484,stl,4a64be1a3fc98dcd7f7a133eff1ee518be5354d6605d26d5e6201d6722bba7b3
outputs/FORMULA_EV_V5_PRINT_PARTS/48_fixed_front_wing_mainplane.stl,15484,stl,60ac4b43ffb3b3319d97a193786128abee77457b328201c321d629c440d73e94
outputs/FORMULA_EV_V5_PRINT_PARTS/49_left_active_flap_level_1.stl,19084,stl,3b8b2ed890c056d5823cf4eb273bf4a780d76fdcbe31f0840c91ccd6cb858200
outputs/FORMULA_EV_V5_PRINT_PARTS/50_left_active_flap_level_2.stl,19084,stl,1ff77b2a7dee054ec2b2ce0d197d7dd0390be9c77e97d1debb593210f3278bcb
outputs/FORMULA_EV_V5_PRINT_PARTS/51_left_active_flap_level_3.stl,19084,stl,e613009d8badf3fd9938cb70582ae0b22af1b5c030944d6d16628152d82cc6a7
outputs/FORMULA_EV_V5_PRINT_PARTS/52_right_active_flap_level_1.stl,19084,stl,628862c3b3da4ff5a268f78c5f15b0cfd52c7637437c9c34a8e6e7d7ecc6392e
outputs/FORMULA_EV_V5_PRINT_PARTS/53_right_active_flap_level_2.stl,19084,stl,ead0eb56ef4d408da2e868b3604d8f69e57033c44fec4609f8c1e94d2c965d43
outputs/FORMULA_EV_V5_PRINT_PARTS/54_right_active_flap_level_3.stl,19084,stl,1f34f7c550c9886f9ac608110a0670b502d1f64bae161513b8e4c0f82d08e469
outputs/FORMULA_EV_V5_PRINT_PARTS/55_six_channel_front_wing_actuator.stl,15884,stl,e8658bfbccefeec25b4e9677cab1d72714243c5be71583008131a1c25b6424d7
outputs/FORMULA_EV_V5_PRINT_PARTS/PARTS_AND_MATERIALS.csv,4655,csv,47e84b3bbdb239be0a69face7f34c12e7b3f4961e159a488e857027151ada7bf
outputs/FORMULA_EV_V5_PRINT_PARTS/README.md,9813,md,cfc1b876960fdacf5b53d60b682a8fa9395c43fc12bed01c7da98477a1df2ab8
outputs/FORMULA_EV_V5_PRINT_PARTS/READ_ME_FIRST.txt,939,txt,71c4dbe21ec6ef74387141233819082a869bef5792ebb83e53ef7f7a3b60b90b
outputs/FORMULA_EV_V5_PRINT_PARTS_ALL.zip,261886,zip,b4e6cc82a1cbe1cd2a17e040bd800d31d8750b2ad2dd2324bb3b16d066ab617c
outputs/V6_CFD_REBUILD/OpenFOAM_83ms/0/U,949,file,456f8d18bc01d2c9c67182ad41aae92492489bdbbb173b3e79310537a4bf168f
outputs/V6_CFD_REBUILD/OpenFOAM_83ms/0/k,589,file,4c2dd2e7153a2d0913856c97a392426d3734a5c3b86bef3b577efb8e8f3cc47d
outputs/V6_CFD_REBUILD/OpenFOAM_83ms/0/nut,584,file,363281788170342e68cf93e56fc5f22325fc8464553ba98fd7eb259fbfed84a4
outputs/V6_CFD_REBUILD/OpenFOAM_83ms/0/omega,589,file,0c7d2ac3cc520acc8b0e7031fdc4e0105fa0b77396d56824dc21593aed99d1af
outputs/V6_CFD_REBUILD/OpenFOAM_83ms/0/p,504,file,d13a97fdbbb13b2553b544f83bb20bbc9468e673a0ffc08b8bf1485cb3376771
outputs/V6_CFD_REBUILD/OpenFOAM_83ms/Allrun,231,file,04b3d453bb3df69e09de0ce601b8b9636c9a13c5a78b1da77632cde00b34a73e
outputs/V6_CFD_REBUILD/OpenFOAM_83ms/README.txt,1268,txt,b9fe2078b85d479d9f5c88b5c3605b848bf7c6973a5f5d94bb795906ba9a1d74
outputs/V6_CFD_REBUILD/OpenFOAM_83ms/constant/transportProperties,145,file,acb32ba455ff8bfa6d3604bdc6643b8556c3b86cc429e5b4fb60286690a33a3e
outputs/V6_CFD_REBUILD/OpenFOAM_83ms/constant/triSurface/body.stl,19584,stl,4bf72de882f9cd80b6c77e1ad0655a3a76316d605071fa548b054d832b3bbeb9
outputs/V6_CFD_REBUILD/OpenFOAM_83ms/constant/triSurface/canopy.stl,8484,stl,50ce68c979f7c6f2023bedc5e7d66ee5d8108350ae808f938374a8e62f003b4d
outputs/V6_CFD_REBUILD/OpenFOAM_83ms/constant/triSurface/cooling.stl,36484,stl,854e13d1955d4789adbd0fbec6da5f683533b8dbb91e23a57a683c65ecef6f30
outputs/V6_CFD_REBUILD/OpenFOAM_83ms/constant/triSurface/diffuser.stl,22884,stl,f89e1f50b7a161a0cfc1d3b5d49824ecc9cd4ecf36d4a6022fcbf837920544cc
outputs/V6_CFD_REBUILD/OpenFOAM_83ms/constant/triSurface/floor.stl,1884,stl,a779150b8914eaad8e7523536bad633672ffaf799d9d25e3250e45b4b0091833
outputs/V6_CFD_REBUILD/OpenFOAM_83ms/constant/triSurface/frontFlaps.stl,81684,stl,35756bb4d5a530007acd768529587702d74be8966076a8a0e704851b6d5a1d54
outputs/V6_CFD_REBUILD/OpenFOAM_83ms/constant/triSurface/frontWing.stl,18084,stl,14fa1ac5ec3f73f449087c00991e5f8c4cfe97ae330dab80bb3e33b91bd6d0b6
outputs/V6_CFD_REBUILD/OpenFOAM_83ms/constant/triSurface/halo.stl,9684,stl,da2d7e013af7c06b83e1e53c2542c391fdac9a4f696ae93ea7abb9cda4105136
outputs/V6_CFD_REBUILD/OpenFOAM_83ms/constant/triSurface/nose.stl,7684,stl,d144e9ddba3d90eb7988ad5231a7de12edc3676b1132007ea3b61b3360bc9cf1
outputs/V6_CFD_REBUILD/OpenFOAM_83ms/constant/triSurface/plank.stl,684,stl,da4a0d3b1979b7331385815b4ad88c96955e89b40dfc09b03b6e04e5fcd0d998
outputs/V6_CFD_REBUILD/OpenFOAM_83ms/constant/triSurface/rearFlap.stl,13684,stl,60f0aec78e7b2b0c210a48f4c55c8a27418caaaeefb861540947b0ef6d54d88e
outputs/V6_CFD_REBUILD/OpenFOAM_83ms/constant/triSurface/rearWing.stl,18084,stl,0732745cd82bab7c068f939fa7544493f0273f14dbe975edbfb7676afa8474fb
outputs/V6_CFD_REBUILD/OpenFOAM_83ms/constant/triSurface/sidepods.stl,54284,stl,888fc0c17936d1d54fedfd5e56cdf2e4902396438cd778a397e870aae6cd1d74
outputs/V6_CFD_REBUILD/OpenFOAM_83ms/constant/triSurface/skids.stl,2484,stl,3f0619380169ca8c0cd65717a2629b9d2a0c2f3432748ef3109df71e04de9b52
outputs/V6_CFD_REBUILD/OpenFOAM_83ms/constant/triSurface/suspension.stl,38484,stl,776744ef17a4b33d850447e796bbfd703ea3ce1c6c2754b076ce8cc69bd7b659
outputs/V6_CFD_REBUILD/OpenFOAM_83ms/constant/triSurface/venturi.stl,17684,stl,26eef05e4e841ea1548fced68e1fb894b59be5b0ea43bf7e27447d99e1260dc7
outputs/V6_CFD_REBUILD/OpenFOAM_83ms/constant/triSurface/wheelFL.stl,12884,stl,b59d717f3fc57bb1aa8ce776c357832e8c98648113dbb477a8367d396451bdee
outputs/V6_CFD_REBUILD/OpenFOAM_83ms/constant/triSurface/wheelFR.stl,12884,stl,b1d63eed3566ab61a9e7b8b22bf67a70fd01a6c89d1ee32f8da772f83d1269dd
outputs/V6_CFD_REBUILD/OpenFOAM_83ms/constant/triSurface/wheelRL.stl,12884,stl,d215cbd9055a3796fca3c43916b73bb471f6b272d958f2fe12a30ea8f712b2df
outputs/V6_CFD_REBUILD/OpenFOAM_83ms/constant/triSurface/wheelRR.stl,12884,stl,f9fa80f3973d2354ca6080f361bbb4ebe15aeea8e4f8a8b8499054e3010a9774
outputs/V6_CFD_REBUILD/OpenFOAM_83ms/constant/turbulenceProperties,168,file,8cbbf17b1a11bd3682c81b12c0c52be15c6d95940571156cd28b84dc86f0c88e
outputs/V6_CFD_REBUILD/OpenFOAM_83ms/system/blockMeshDict,519,file,d65ab3f72532e982dfe2f759c93951b3e26eda75bebdee6d1dc840a41524717d
outputs/V6_CFD_REBUILD/OpenFOAM_83ms/system/controlDict,761,file,8f03ab3b8e1d70d18c07737616893c26ec84c8cfa7acd4983bd357290cbd312b
outputs/V6_CFD_REBUILD/OpenFOAM_83ms/system/fvSchemes,509,file,6286f324c88e194e8c329241c15a8b04e54390a939ea4e5a772f28e0080e8534
outputs/V6_CFD_REBUILD/OpenFOAM_83ms/system/fvSolution,505,file,976d65020c2bb64c9d293bf044c8029899c9ff5fd8c87af83389438052f2bf0c
outputs/V6_CFD_REBUILD/OpenFOAM_83ms/system/snappyHexMeshDict,3376,file,52aaf305685ffd450bd21d6b0455c44bff815a00a3dcadbab094a03fbada7c0a
outputs/V6_CFD_REBUILD/OpenFOAM_83ms/system/surfaceFeatureExtractDict,2311,file,c656911e68e31afc0bf82991c2aba0450b7547cf12438a99d8870b1199197e83
outputs/V6_CFD_REBUILD/README.md,9598,md,be12ae5858fb09a48f6aa36b144b9433154581b7c56c72a025a01e12ecfa0539
outputs/V6_CFD_REBUILD/V6_ASSUMPTIONS_AND_LIMITATIONS.txt,1054,txt,b5f71f7a26d62a33766aaccf7beb20c49e4dab1ada7539768c71586f81471d23
outputs/V6_CFD_REBUILD/V6_COMPLETE_REBUILD_PACKAGE.zip,247403,zip,92f9cb25db78f153767a9b5c077470d530b30b713dfdc328777417722167b73b
outputs/V6_CFD_REBUILD/V6_FULL_SCALE_CFD_PREVIEW.glb,168192,glb,ab4fb0a54782a7ae30555ffcab8935eeefc8cd30b4e787278fa7e66921fae59a
outputs/V6_CFD_REBUILD/V6_FULL_SCALE_CFD_SURFACES.stl,401784,stl,c67f248004c55761bc0e53c92c0be647ef66f6623b23d07e79cfda47d401c4a4
outputs/V6_CFD_REBUILD/V6_OPENFOAM_CFD_PACKAGE.zip,181600,zip,326386d980e703965ec0424a16eb38ea161f260843cf7122f52b54bc00c3a769
outputs/V6_CFD_REBUILD/V6_PART_MANIFEST.csv,2595,csv,b69f426ce230e5c2d1ebe2ce50bb6e9503b4b734158b30909d4177556d22d67f
outputs/V6_CFD_REBUILD/V6_REBUILD_README.md,1898,md,d25c18a3108348c71440573ad3b7dfd812dbead6bf019d5541f6349cce4a34a8
outputs/V6_CFD_REBUILD/geometry/body.stl,19584,stl,6e68659b512f2061168a9540cf6c3c0a25eff5ea6ed1853227c5b3e48fd46a0c
outputs/V6_CFD_REBUILD/geometry/canopy.stl,8484,stl,57b111307bb8621102598ddaa000542a36069511baf7b84b3a9408c0dec021a4
outputs/V6_CFD_REBUILD/geometry/cooling.stl,36484,stl,273ebbdc439ae2f117a9a5a9c01cd21b127eb2b4ee1b873bac9bb3a6354fbf32
outputs/V6_CFD_REBUILD/geometry/diffuser.stl,22884,stl,1802593966caea8742e611da026254e7af73fe3509b4cfedde8759704635069f
outputs/V6_CFD_REBUILD/geometry/floor.stl,1884,stl,3617ab7e1a9224ed49c37c0f643f26b35fc5782a08077b8e6595b58314223e8e
outputs/V6_CFD_REBUILD/geometry/frontFlaps.stl,81684,stl,dbaf9c31511d2f59c81a12adc27427341b2afea10061840afda5820f7b2abeae
outputs/V6_CFD_REBUILD/geometry/frontWing.stl,18084,stl,0ddadcc1b82bba73c32dccc1b3eca7282238e8963730a9aa1ce3086a9c1b9576
outputs/V6_CFD_REBUILD/geometry/halo.stl,9684,stl,88c891b0c2482e83393cd03ba275f38adfbf6a684427b292f243e35d913b05a7
outputs/V6_CFD_REBUILD/geometry/nose.stl,7684,stl,79d3dad51fccee22bfff440d561ed2df5b91b73157f6c19c84fd3b1de0c80e97
outputs/V6_CFD_REBUILD/geometry/plank.stl,684,stl,c338ab97b8e7115f9f534f28062c63a5a868bbb1b5f00c8e476c0f148280eaac
outputs/V6_CFD_REBUILD/geometry/rearFlap.stl,13684,stl,01d9cf426c58cc92da6e83874c2c5dc43987b96c3f2ca39234c0f34b25d2def0
outputs/V6_CFD_REBUILD/geometry/rearWing.stl,18084,stl,578efee7dce46f718100b1f501b11beaa75d92bfa0644371ab615216f811135a
outputs/V6_CFD_REBUILD/geometry/sidepods.stl,54284,stl,0596a30faae303a329ab37071aa559a211f872084ab010d3e0ba840d4d876b0f
outputs/V6_CFD_REBUILD/geometry/skids.stl,2484,stl,71c574bfd7270bb09d92704bff3148eca09e1c1ef31cdf94b301cc86c2481f1e
outputs/V6_CFD_REBUILD/geometry/suspension.stl,38484,stl,ec9340197699bec44c491a5c9b5a37dee2d37a212bc115d8d03679f6de64a4be
outputs/V6_CFD_REBUILD/geometry/venturi.stl,17684,stl,1cbe06f7b75a20fd3aeac16cad65ae61b60bb48160b718cf95ef3dafdb81e54e
outputs/V6_CFD_REBUILD/geometry/wheelFL.stl,12884,stl,7c89801f98de7efcd0af3be85beea4d77301f9fdcfe9cf999f8cd0987f81f638
outputs/V6_CFD_REBUILD/geometry/wheelFR.stl,12884,stl,956b6e35cc795e4ea8707d7139d5de89f68b17aa103f630fbd85eedd3dd342e6
outputs/V6_CFD_REBUILD/geometry/wheelRL.stl,12884,stl,c126b17e99eb24cbfcd37326aaf65f25aa12072122864dfdb1f2aa03fabdec31
outputs/V6_CFD_REBUILD/geometry/wheelRR.stl,12884,stl,2d6c9f240f06bc6fe75f91473ffd56bbb938bf0856195e54d46189e79e9e9219
outputs/V6_PRINT_READY_5_TO_8_INCH.zip,21922480,zip,184d6cb762594df53f5bf015aa1ec75d1d262c5cd15732e5a5db996bc8f9d8e9
outputs/V6_PRINT_READY_5_TO_8_INCH/MESH_VALIDATION.txt,1726,txt,ed6b70dd122fa1237437d04e89626f0cecac2c06058460812eecc4b1d3c27a5f
outputs/V6_PRINT_READY_5_TO_8_INCH/README.md,2070,md,b37da04ccf5608a057ab0f7ad131f1cb22fff4609b1df77c924322ab9bdfbedf
outputs/V6_PRINT_READY_5_TO_8_INCH/READ_ME_FIRST.txt,2338,txt,4fbcd767211fdb9575ac4e4b33e00ab164c02f711c8f4bfa4bb03beb2cb9e64f
outputs/V6_PRINT_READY_5_TO_8_INCH/V6_5IN_PRINT_READY_SOLID_MM.3mf,5186136,3mf,a3c4d7279f9953a0068a72f1f46bf9df4cac7383fad27bee42bdc4aeb6792c8b
outputs/V6_PRINT_READY_5_TO_8_INCH/V6_5IN_PRINT_READY_SOLID_MM.stl,31584284,stl,3caa61b5beff4fe0ac9254f915e281a0047334134cff3ae0e8e61972f0cee7e6
outputs/V6_PRINT_READY_5_TO_8_INCH/V6_5IN_SMOOTH_REPAIRED_MM.stl,525784,stl,62b3638bb071940803dc7cbd9fead34514fcadb9294a81477279aa408be6dcc7
outputs/V6_PRINT_READY_5_TO_8_INCH/V6_8IN_PRINT_READY_SOLID_MM.3mf,7458141,3mf,2cbee532f33e2ffe022cec60fc245087d1c29e5f8652f9e4a6336b3fa2f4d069
outputs/V6_PRINT_READY_5_TO_8_INCH/V6_8IN_PRINT_READY_SOLID_MM.stl,45688084,stl,060dc2ce7d62b28ad46ea7c65a1219ad98fb4aba268bbe2112763238b354d3f1
outputs/V6_PRINT_READY_5_TO_8_INCH/V6_8IN_SMOOTH_REPAIRED_MM.stl,525784,stl,3ddb218e02c52f5fb4af6f5790b65f2afb70e9e002b767d2c409a4be14eb0820
outputs/W11_2020_AERO_CFD_VALIDATION_300KPH/AERO_RUN_SUMMARY.json,1777,json,ea8d137bbe132d0d928b7acad0c588bcaf3e98b739f44a54f6a51839127c8704
outputs/W11_2020_AERO_CFD_VALIDATION_300KPH/CFD_GRID_AND_FORCE_SUMMARY.csv,1758,csv,af849504966d4ef214ed66b4ac21b60e3286dfa46c000789efb04ce45e4dbc18
outputs/W11_2020_AERO_CFD_VALIDATION_300KPH/CFD_RESULTS/flow_coarse_moving_ground.vtu,11337444,vtu,69946d581b3d9231e708dd42822fd9d1492652a96a5d9c7845bdb8ed795d7dc9
outputs/W11_2020_AERO_CFD_VALIDATION_300KPH/CFD_RESULTS/history_coarse_moving_ground.csv,91200,csv,422ce79b0b501d1282312f9de45b5b511fe28463f91d0d7c7696deb8bb129dbb
outputs/W11_2020_AERO_CFD_VALIDATION_300KPH/CFD_RESULTS/history_coarse_stationary.csv,34656,csv,7d19d30d1c136cf1f70a043243690745a3f15bf0aef8677141f630aae0b31c38
outputs/W11_2020_AERO_CFD_VALIDATION_300KPH/CFD_RESULTS/history_medium_moving_ground.csv,119016,csv,9b01197ee2e1c78622184115c1a32df07fe3e46c061b1295b55ddd389e2b648a
outputs/W11_2020_AERO_CFD_VALIDATION_300KPH/CFD_RESULTS/history_medium_stationary.csv,114456,csv,3db0f83f9322c835e7bdb0de67c6c75c6ce2b81b47162972b8da8130099b21a7
outputs/W11_2020_AERO_CFD_VALIDATION_300KPH/CFD_RESULTS/restart_coarse_moving_ground.csv,16983203,csv,d00536c37fcc5d8934091da50e362736cf9742c911c491bc5d59fd44bf440781
outputs/W11_2020_AERO_CFD_VALIDATION_300KPH/CFD_RESULTS/solver_coarse_moving_ground.log,18204,log,fd84c291b64df621f2ad6872a6fa4473e8a957f46948661100ec83d4c00f4b13
outputs/W11_2020_AERO_CFD_VALIDATION_300KPH/CFD_RESULTS/solver_coarse_stationary.log,15756,log,5a49d41c24ea6e731dfebcf09addf26a1392a84e60a661c625c9b6fac7416b1c
outputs/W11_2020_AERO_CFD_VALIDATION_300KPH/CFD_RESULTS/solver_medium_moving_ground.log,19758,log,d700a72c15dd69f050c46f606c179fb7e64b6b4bc157738ab1b6e46ff7c02614
outputs/W11_2020_AERO_CFD_VALIDATION_300KPH/CFD_RESULTS/solver_medium_stationary.log,19024,log,688db0515bee007d0ffe72973b5ee735ada3a68bfc7f98ce64cce4f22c17e55c
outputs/W11_2020_AERO_CFD_VALIDATION_300KPH/CFD_RESULTS/surface_coarse_moving_ground.vtu,2770836,vtu,ef3ed8d527a814574a5038ddf3e71d639240b9cf4db559e7ba3efbaa1cb1aed9
outputs/W11_2020_AERO_CFD_VALIDATION_300KPH/CFD_RESULTS/surface_medium_moving_ground.vtu,4686232,vtu,3fc849be19ec22e0981e5c0da8e8bb93bb4ad5e91317fcce85f76d5ad1c1bc93
outputs/W11_2020_AERO_CFD_VALIDATION_300KPH/CFD_SU2_CASE/MESH_METADATA.json,500,json,80db9bb0d22de63df27acc342ccf5226cbcdf0c6bfc9ace194acd13b4440d54f
outputs/W11_2020_AERO_CFD_VALIDATION_300KPH/CFD_SU2_CASE/w11_coarse.cfg,1710,cfg,bdd51466d87371048abb6dcb077da4401037e4ae3c8e24eb38d3b6b06555836f
outputs/W11_2020_AERO_CFD_VALIDATION_300KPH/CFD_SU2_CASE/w11_coarse.su2,13466761,su2,7e07f92b8c476d345c5d1ed2302cac8090afa4d4c3c5972f64c33f7afa9d78ad
outputs/W11_2020_AERO_CFD_VALIDATION_300KPH/CFD_SU2_CASE/w11_coarse_moving_final.cfg,1900,cfg,04507fcfef958e3967bdd1d3658940a64aecb0c5ab753564fbc08741c12800de
outputs/W11_2020_AERO_CFD_VALIDATION_300KPH/CFD_SU2_CASE/w11_medium.su2,30256513,su2,66a69b932d4c941ebd94085fb8df08b6d50066065477484150c2d724d9953f3b
outputs/W11_2020_AERO_CFD_VALIDATION_300KPH/CFD_SU2_CASE/w11_medium_moving_ground.cfg,1876,cfg,edea374f99a27db4a6fcd6679fd112a74b5a829dae9f8dd180719b4ef6d4287d
outputs/W11_2020_AERO_CFD_VALIDATION_300KPH/CFD_SU2_CASE/w11_medium_stable.cfg,1764,cfg,dafac731a8872110b87158892dffb3015bfe9116585e620f6866aa09fb8f8c93
outputs/W11_2020_AERO_CFD_VALIDATION_300KPH/CFD_VALIDATION_REPORT.md,5718,md,21972365741c8668f49199428dfdfe4d0d607c4ba136439055f1ed565cc6f0ea
outputs/W11_2020_AERO_CFD_VALIDATION_300KPH/CFD_VALIDATION_STATUS.json,1006,json,32aeacfca8bb80e080a3a0d6b28e451a04e6a7081d1290e3f00a12908c463f8c
outputs/W11_2020_AERO_CFD_VALIDATION_300KPH/FIGURES/CFD_FORCE_CONVERGENCE.png,116236,png,145a474e5dd379acda14188812456f27e20d18d7da5d60b55b2d3a02c7fc8d8a
outputs/W11_2020_AERO_CFD_VALIDATION_300KPH/FIGURES/CFD_MOVING_GROUND_CONVERGENCE.png,112777,png,cb5a01bc77df98e04a007937de17b3f6bd7f9c2dbcce75a3f1feed866e233afb
outputs/W11_2020_AERO_CFD_VALIDATION_300KPH/FIGURES/CFD_SIDEPLANE_PRESSURE.png,80661,png,5bbb65a2f7e6a87adf1742bbd35fd38712b7569be51eeebd766a568d94dfb052
outputs/W11_2020_AERO_CFD_VALIDATION_300KPH/FIGURES/CFD_SIDEPLANE_VELOCITY.png,139271,png,6b219ebb6bce35641f7c7675209eeb64ee9a4e1eeb18e1516446255050db84c8
outputs/W11_2020_AERO_CFD_VALIDATION_300KPH/FIGURES/EQUATION_DOWNFORCE_VS_SPEED.png,89640,png,9a3940c29b33d57807a4e9044aaad2e67fb30fb6957f5b8bd01d9ff479116d18
outputs/W11_2020_AERO_CFD_VALIDATION_300KPH/README.md,1113,md,ee18e61790b6c9bb5931b39d753029c8ae683bb18f8b257e5915938b4ac7e7ee
outputs/W11_2020_AERO_CFD_VALIDATION_300KPH/RUN_CFD.md,1184,md,ba652198b107aecf9531e832e55ca37f77690010276921618fe893a0bbca7aaf
outputs/W11_2020_AERO_CFD_VALIDATION_300KPH/W11_2020_AERO_CFD_COMPLETE_PACKAGE.zip,30409923,zip,8d9f76264e5b0c212688ee7332a0a8ad7eced0302b79526c89d5c21c7aa3abd7
outputs/W11_2020_AERO_CFD_VALIDATION_300KPH/W11_2020_WHOLE_CAR_AIRFLOW_PRESENTATION.glb,417300,glb,4aa13b19ef68e0ba8e226d0ca50655bc2836eda221e1c31b4facafed4c9d6787
outputs/W11_2020_AERO_CFD_VALIDATION_300KPH/W11_EQUATION_BASED_AERO_ESTIMATE.csv,788,csv,d7e8388e024c94daa48aa9cf309d8b31e34400213d56c00fbfc4587b03980bf8
outputs/W11_2020_AERO_CFD_VALIDATION_300KPH/requirements_cfd.txt,48,txt,02b54eb928f1fedbb668b7f2c53f087c7779c70683e7bb96134b2cfdc388053c
outputs/W11_2020_GLBDERIVED_CFD_V2_300KPH/CFD_CASE/MESH_METADATA.json,524,json,b555f50b18ba58217878ad893d7533a9e509dae1eb696e8cac6664b903ea58e7
outputs/W11_2020_GLBDERIVED_CFD_V2_300KPH/CFD_CASE/W11_2020_GLBDERIVED_FULL_DOMAIN.su2.gz,28199348,gz,4c7053db17f57e853a27a245f3032f27a78cf1f966c97e023872ad04ef5eae63
outputs/W11_2020_GLBDERIVED_CFD_V2_300KPH/CFD_CASE/w11_glb_faithful_continue.cfg,1788,cfg,1d73ea1fe68c5264b95eab74f42838578c5ed3960a24f8871f033aba2e5cd53c
outputs/W11_2020_GLBDERIVED_CFD_V2_300KPH/CFD_CASE/w11_glb_faithful_moving_ground.cfg,1707,cfg,5b23116a2a5cb08ceb8e99c26fbd73e34f236ecc7503386234e98ac34735d747
outputs/W11_2020_GLBDERIVED_CFD_V2_300KPH/CFD_RESULTS/SOLVER_DERIVED_STREAMLINES.json,288493,json,ef047cb31ab8e27ea3e653606d57f3de81f2c3df371251c9181a6a4a618c28c5
outputs/W11_2020_GLBDERIVED_CFD_V2_300KPH/CFD_RESULTS/flow_continue_80.vtu.gz,27467634,gz,3dfbc78bf5b9142185d6009b2cfb63b1dddd457c9ab8351f311ed976b9feeca6
outputs/W11_2020_GLBDERIVED_CFD_V2_300KPH/CFD_RESULTS/flow_initial_80.vtu.gz,27317298,gz,ed32a1ccb28c0cc50d1967aa7b72a34f2e35143bf14be558d4d877ede8e42c08
outputs/W11_2020_GLBDERIVED_CFD_V2_300KPH/CFD_RESULTS/history_continue_80.csv,36936,csv,078863e751c499606b02d4418098e0da46b468118a8b5a848208ef5b4599568f
outputs/W11_2020_GLBDERIVED_CFD_V2_300KPH/CFD_RESULTS/history_initial_80.csv,36936,csv,d0350eff3901411fdaa9f6b56ef313fd89d921ce69afc5388e98cd40dbf3fac3
outputs/W11_2020_GLBDERIVED_CFD_V2_300KPH/CFD_RESULTS/solver_continue_80.log,16919,log,e4336949c732057f8ebc74d71da0b0a2b6203770998e3cc146540e15debc6c83
outputs/W11_2020_GLBDERIVED_CFD_V2_300KPH/CFD_RESULTS/solver_initial_80.log,16633,log,a76be3be4e5015c9a2214bc2550d290d9b7619730a9625f61ba3cc8c6877eccc
outputs/W11_2020_GLBDERIVED_CFD_V2_300KPH/CFD_RESULTS/surface_continue_80.vtu,16916487,vtu,d53289de0f6f1e03b67349f36b234d31a85a07a1895e507da93b6febb52ac452
outputs/W11_2020_GLBDERIVED_CFD_V2_300KPH/CFD_RESULTS/surface_initial_80.vtu,16916487,vtu,201f73387b5f9c210c08f0e48a18de298b4a7194582a13985423adaf9baef2e8
outputs/W11_2020_GLBDERIVED_CFD_V2_300KPH/CFD_STATUS.json,710,json,2dabc50dd6fcd599e88ae2bc735977b9e136c657f8bec5d1a25ca55659254bda
outputs/W11_2020_GLBDERIVED_CFD_V2_300KPH/CORRECTION_AND_CFD_REPORT.md,3416,md,5b46e2b4f9cda9f92048278a0a5ce6ecef3ded12e044217eb1980efdbbb3a20d
outputs/W11_2020_GLBDERIVED_CFD_V2_300KPH/FIGURES/CFD_FORCE_CONVERGENCE_160_ITERATIONS.png,120189,png,3e120a9cf39e798506334ac29c0c774a90edff628945defabc9cf34234384016
outputs/W11_2020_GLBDERIVED_CFD_V2_300KPH/FIGURES/SOLVED_PRESSURE_SIDEPLANE.png,393693,png,c1ff5d1bc5adb60f5f715a6a99ae04dd09271910948edb86a3468259a3ee9ce6
outputs/W11_2020_GLBDERIVED_CFD_V2_300KPH/FIGURES/SOLVED_VELOCITY_SIDEPLANE.png,436389,png,d3ecea6dd0afb551a834ad34878d541dfeb9ed92a54a48545edc8f2a260e9a39
outputs/W11_2020_GLBDERIVED_CFD_V2_300KPH/FIGURES/SOLVER_DERIVED_CONTINUOUS_STREAMLINES.png,1135833,png,440f136b36f66d33479a4b601660e2823d00b2960491455624f51c76a48aa54e
outputs/W11_2020_GLBDERIVED_CFD_V2_300KPH/FIGURES/SOURCE_VS_CFD_SILHOUETTE.png,1651313,png,3521b935afac583141983949280657d17352a3e59341a24e03e2c5f4a85e2e15
outputs/W11_2020_GLBDERIVED_CFD_V2_300KPH/FIGURES/W11_GLBDERIVED_CFD_SURFACE_ISOMETRIC.png,607683,png,e54e5b03092b1eb1ebd9f4e728c8618846f716e907c553898f6219855c6510a9
outputs/W11_2020_GLBDERIVED_CFD_V2_300KPH/INTERACTIVE_WIND_TUNNEL.md,3103,md,3639353a0ba1fb3b493a0c783e21f69720f104a31ee6dfb5fb1408acc03f0652
outputs/W11_2020_GLBDERIVED_CFD_V2_300KPH/README.md,1870,md,241c60655bc50f8c039ed9c0e7f002a64ec066a5ab770fab5625e821d7d6623d
outputs/W11_2020_GLBDERIVED_CFD_V2_300KPH/REFERENCE_LICENSE_AND_ATTRIBUTION.txt,562,txt,f4199e8f6f7e64f0fd0e44d58e17a17733dd26ed7758dfc3628c5793a5ec9d1e
outputs/W11_2020_GLBDERIVED_CFD_V2_300KPH/RUN_CFD.md,1072,md,4bdbb6a0fdf5991a64cb2460595a1f423bc6c58a2f869bfccff12822903bf1ac
outputs/W11_2020_GLBDERIVED_CFD_V2_300KPH/SOURCE_DERIVATION_METADATA.json,574,json,fd1dc43265d78e168e6d551cd181896340f985ead6ece9be1d7327d01233f566
outputs/W11_2020_GLBDERIVED_CFD_V2_300KPH/W11_2020_GLBDERIVED_CFD_SURFACE.glb,5206120,glb,a2f0bd8a5b857132cb1cbaa03fe6685c549cc91ead1b66433916935436911568
outputs/W11_2020_GLBDERIVED_CFD_V2_300KPH/W11_2020_GLBDERIVED_CFD_SURFACE.stl,13015284,stl,554db2544e2b3f1b0962f9a8740d23d328d1e4a44b66566bdf8f37d329951409
outputs/W11_2020_GLBDERIVED_CFD_V2_300KPH/W11_GLBDERIVED_CFD_CORRECTION_VIEW_PACKAGE.zip,34708704,zip,e0f91c4eaebe054fcfe9ae996422f9eee9b7e0faeb9e23b24546bce3f411e9f7
outputs/W11_2020_GLBDERIVED_CFD_V2_300KPH/W11_GLBDERIVED_FLOOR_DIFFUSER_CFD_VIEW.glb,3978412,glb,f82537e534a3de5aaaa21dc777c342d1e775fb4adfa6a66f014bf0a390385fdb
outputs/W11_2020_GLBDERIVED_CFD_V2_300KPH/W11_GLBDERIVED_FRONT_WING_CFD_VIEW.glb,1386168,glb,4d6674a315f3ba6e6ddef875b379bab2299836e52e4ef9d3f041341ad60d007e
outputs/W11_2020_GLBDERIVED_CFD_V2_300KPH/W11_GLBDERIVED_REAR_WING_CFD_VIEW.glb,1327844,glb,d52f07d98924f6be6279b74b838ec750a1653a863a3f3de7684286311904cc39
outputs/W11_2020_GLBDERIVED_CFD_V2_300KPH/W11_SOURCE_TO_CFD_SURFACE_OVERLAY.glb,28154664,glb,50e096a3bb1ef9f6feb39755f2eb38328f31b5d416ec947d9ed70574ff57d541
outputs/W11_2020_GLBDERIVED_CFD_V2_300KPH/W11_SOURCE_WITH_SOLVER_DERIVED_CONTINUOUS_AIRFLOW.glb,18070060,glb,4fb744177b34bee1fa55d965f95e4cef3d897d6d3788047f5c250bec21cb462c
outputs/W11_2020_GLBDERIVED_PRINT_READY_8IN/PRINT_VALIDATION.json,1879,json,3b0bb1cffbebdef54046ebc049b971f6926428562f0b48f9e3767c48bfd64a0a
outputs/W11_2020_GLBDERIVED_PRINT_READY_8IN/README.md,3340,md,6d7755ff5d51506ad38a749a986032d46a6052169ac225a14e9236fc11666f32
outputs/W11_2020_GLBDERIVED_PRINT_READY_8IN/REFERENCE_LICENSE_AND_ATTRIBUTION.txt,472,txt,2c14c2455d403d33be2a7699e2830c4426b22735571c1596425223125c92ea19
outputs/W11_2020_GLBDERIVED_PRINT_READY_8IN/THREE_SECTION_OPTION/01_FRONT_SECTION_PRINT_READY_MM.stl,13560484,stl,7d56e9fefba69a04ae5f426c1f60abef9928734edbf08303a463b7e6c9002010
outputs/W11_2020_GLBDERIVED_PRINT_READY_8IN/THREE_SECTION_OPTION/02_CENTER_SECTION_PRINT_READY_MM.stl,16890384,stl,50a73cf997821821ea666449c841cd3b808fa47648907ac48ae219eae1b88138
outputs/W11_2020_GLBDERIVED_PRINT_READY_8IN/THREE_SECTION_OPTION/03_REAR_SECTION_PRINT_READY_MM.stl,12749784,stl,4e142000d00fefeae7deaa3a1d8980842d46eee13abd18b8989bab8285cfda77
outputs/W11_2020_GLBDERIVED_PRINT_READY_8IN/W11_8IN_CFD_AIRFLOW_POINTS_FRONTWING_TO_DIFFUSER.glb,19000896,glb,c5031d10f63c8934f9526591da071e996bdd0580c0a207d557c3fb1ab10da09b
outputs/W11_2020_GLBDERIVED_PRINT_READY_8IN/W11_8IN_CFD_AIRFLOW_POINTS_PREVIEW.png,1407692,png,adbac11117de2d8e8755a0462de7546ef034eb9b408f466ab8a290040d7ec885
outputs/W11_2020_GLBDERIVED_PRINT_READY_8IN/W11_8IN_COMPLETE_PRINT_AND_CFD_VIEW_PACKAGE.zip,40374827,zip,0285b7575904863628f448cd0fb081f8e6aeb3d1f0f5b1f734a432925c525161
outputs/W11_2020_GLBDERIVED_PRINT_READY_8IN/W11_8IN_ONE_PIECE_PRINT_READY_MM.3mf,7277530,3mf,d7ade5eac2a849d8b8b35a3c31bfcc4fe227e442fdab5affaab4be82081e334d
outputs/W11_2020_GLBDERIVED_PRINT_READY_8IN/W11_8IN_ONE_PIECE_PRINT_READY_MM.stl,42781484,stl,9f43bf11c70e395ec648e78bcab74f7d21bda9aeec97a2c8036d8bdc641a1e20
outputs/W11_2020_GLBDERIVED_PRINT_READY_8IN/W11_8IN_ONE_PIECE_PRINT_READY_PREVIEW.glb,17112924,glb,284f219055688b573f70800732ace1b8b895fb71f0e5e3474a0902d7c266c78e
outputs/W11_2020_GLBDERIVED_PRINT_READY_8IN/W11_8IN_THREE_SECTION_PRINT_PLATE_MM.3mf,8239515,3mf,016919e7df489f3fa71f66b6f5a566420537c11e281c9748b6771b02c7323252
outputs/W11_2020_RESEARCH_REBUILD_STATIC_8IN/DESIGN_CHANGE_COMPARISON.csv,629,csv,3803c5ee3d6f3e2222444b020d4baf2c989806b2f862cd17188e9f1d397596b7
outputs/W11_2020_RESEARCH_REBUILD_STATIC_8IN/DESIGN_OVERVIEW.svg,2024,svg,044910f9ccdcfae942e25075c6b7a93d2d8b88f0d7455878f726b6b29b08ce99
outputs/W11_2020_RESEARCH_REBUILD_STATIC_8IN/GLB_INDIVIDUAL_PARTS/01_reinforced_upper_body.glb,29476,glb,38f3dd3040b9e9e3d1b784ab879cb9b5a3eb17f3cba8dbed90734554c8821dfe
outputs/W11_2020_RESEARCH_REBUILD_STATIC_8IN/GLB_INDIVIDUAL_PARTS/02_removable_nose.glb,8412,glb,c20ab001368407657e5bf44b68a798a5b41279349df78bedfe9b9ec15d6dbc7c
outputs/W11_2020_RESEARCH_REBUILD_STATIC_8IN/GLB_INDIVIDUAL_PARTS/03_cockpit_insert.glb,6280,glb,a3aac4483c5512ac5c59e21b6431bb00e89411faa25989c8b1301b412de166fd
outputs/W11_2020_RESEARCH_REBUILD_STATIC_8IN/GLB_INDIVIDUAL_PARTS/04_static_halo.glb,10724,glb,e92ac0de40756a5fff37c3cf3ca5c52b1a28a72e106362d7b27e84d9adf07e08
outputs/W11_2020_RESEARCH_REBUILD_STATIC_8IN/GLB_INDIVIDUAL_PARTS/05_static_front_wing.glb,15504,glb,3cf5d115ad547b1d63d63dfa9f29ce9369172ec4b8a32895947d0c280edbed90
outputs/W11_2020_RESEARCH_REBUILD_STATIC_8IN/GLB_INDIVIDUAL_PARTS/06_static_rear_wing.glb,12608,glb,fc8bc7becd7e0f2a1c3bd3f46b3c37dff714a74579410b8e7ce7d2c876592823
outputs/W11_2020_RESEARCH_REBUILD_STATIC_8IN/GLB_INDIVIDUAL_PARTS/07_2020_flat_stepped_floor_diffuser.glb,14368,glb,dd77e9d8e5cb1ce9627f4a84f00a057a9e82d32e1e64a799b9ede672dfb104ba
outputs/W11_2020_RESEARCH_REBUILD_STATIC_8IN/GLB_INDIVIDUAL_PARTS/08_four_stack_bargeboards.glb,8816,glb,bb3922df98198923b79d7dc3546a066e2a34165968f2533c6ccb69a78e473771
outputs/W11_2020_RESEARCH_REBUILD_STATIC_8IN/GLB_INDIVIDUAL_PARTS/09_carbon_honeycomb_survival_cell.glb,13440,glb,f04f472e1bdf1d4d0412605852a635ebced573f52a1da4034229c24c0d64af94
outputs/W11_2020_RESEARCH_REBUILD_STATIC_8IN/GLB_INDIVIDUAL_PARTS/10_front_impact_structure.glb,4940,glb,6f4d146cf4d8566361afc1c6fe4a5f06ac2a3b405b083644dcd0c405107ae5eb
outputs/W11_2020_RESEARCH_REBUILD_STATIC_8IN/GLB_INDIVIDUAL_PARTS/11_side_impact_structures.glb,7752,glb,6b9c7192c7fc0864ef03927b39b97aa30ca9e3f5d97b67d5324c6f94b07d3fb2
outputs/W11_2020_RESEARCH_REBUILD_STATIC_8IN/GLB_INDIVIDUAL_PARTS/12_v6_turbo_hybrid_power_unit.glb,20276,glb,5b0bac8304b3cf65bcdf446a1ac29fa08b15bc45803236cf6920adec91ed74a2
outputs/W11_2020_RESEARCH_REBUILD_STATIC_8IN/GLB_INDIVIDUAL_PARTS/13_compact_energy_store.glb,3468,glb,80be997bd172279617757aa55f53db85b78ab0ca5bc393a4fabca3775b623214
outputs/W11_2020_RESEARCH_REBUILD_STATIC_8IN/GLB_INDIVIDUAL_PARTS/14_transaxle_gearbox.glb,4716,glb,1437238d13d36a4a6fdfe4a7b96bc90183bab143fdc0d3b21a620df8b332782b
outputs/W11_2020_RESEARCH_REBUILD_STATIC_8IN/GLB_INDIVIDUAL_PARTS/15_rear_impact_structure.glb,4320,glb,efdcfeb95c67d203123fb994327b5b0286eb3d4e86ed3d204ad7ae2d9395a6ca
outputs/W11_2020_RESEARCH_REBUILD_STATIC_8IN/GLB_INDIVIDUAL_PARTS/16_front_pushrod_suspension.glb,20196,glb,d0374b0105ccdac7fd9d1bc81049b1e340e6968a6533bec7ff6b4c9dff79a9a7
outputs/W11_2020_RESEARCH_REBUILD_STATIC_8IN/GLB_INDIVIDUAL_PARTS/17_rear_swept_pullrod_suspension.glb,19260,glb,c569027768d3e908e98e3bfc50fc4c0d9f0dfd8666fb3e5bf51bace37c2b682f
outputs/W11_2020_RESEARCH_REBUILD_STATIC_8IN/GLB_INDIVIDUAL_PARTS/18_rolling_wheel_x4.glb,38164,glb,66fc963641e99edab6422980c27027011ae8c46370dc97ed3e8254d2a2eeaa9b
outputs/W11_2020_RESEARCH_REBUILD_STATIC_8IN/GLB_INDIVIDUAL_PARTS/19_axle_pin_x4.glb,4504,glb,31f6f838c5db9734c08514f0dabccaddbef335b58e9b33ed7c631a832caca871
outputs/W11_2020_RESEARCH_REBUILD_STATIC_8IN/GLB_INDIVIDUAL_PARTS/20_wheel_retainer_x4.glb,6288,glb,bdaabd90379ccc51ca334a75486946841671d594e2f6fc90c071d5d7abbf4b0f
outputs/W11_2020_RESEARCH_REBUILD_STATIC_8IN/MESH_VALIDATION.txt,4061,txt,5066227fa038bd315e048abb2cfbe574219351f92be8e1e98306aaf1ecb83977
outputs/W11_2020_RESEARCH_REBUILD_STATIC_8IN/OPEN_SOURCE_RESEARCH_AND_DESIGN_CHANGES.md,4341,md,86280889002fb0ad72ab2dc33f7dff9b4f072f907edcae1c83b08a0481170178
outputs/W11_2020_RESEARCH_REBUILD_STATIC_8IN/PARTS_MANIFEST.csv,2069,csv,ee69225d9a9d8963e492787d8df6f570a54bd60c4405500ade5938bcb0ca3d07
outputs/W11_2020_RESEARCH_REBUILD_STATIC_8IN/README.md,4157,md,bd8536b81a0da4a7b007091c4ffa1fdaae11dc0993ae9a6b2ff44870433c38df
outputs/W11_2020_RESEARCH_REBUILD_STATIC_8IN/REFERENCE_LICENSE_AND_ATTRIBUTION.txt,497,txt,f79f46e1a19fb424e68f54ed9b713c03dbd76e681df01b368eb7cec870d4a72a
outputs/W11_2020_RESEARCH_REBUILD_STATIC_8IN/STL_PRINT_PARTS/01_reinforced_upper_body.stl,73984,stl,87c57c9136a215a244666399b986bdf01e398291af7f2ff226e559d1b23b4c32
outputs/W11_2020_RESEARCH_REBUILD_STATIC_8IN/STL_PRINT_PARTS/02_removable_nose.stl,16184,stl,4a08c3403936d666ca7bd578fc4b3647fafaa55123b96e2b24805d5fa0922623
outputs/W11_2020_RESEARCH_REBUILD_STATIC_8IN/STL_PRINT_PARTS/03_cockpit_insert.stl,10284,stl,f5a1d19796990fc742a39c651119e9a7285aa4639deeb097efd98f40850bb729
outputs/W11_2020_RESEARCH_REBUILD_STATIC_8IN/STL_PRINT_PARTS/04_static_halo.stl,22284,stl,b78f72833d8cf0e3d0166d7cecf2702e437a56260cd6bd7ef6209f1919dd45e1
outputs/W11_2020_RESEARCH_REBUILD_STATIC_8IN/STL_PRINT_PARTS/05_static_front_wing.stl,35684,stl,d264d344cd8cffa54b6ae24f2311af6f45edd3ecd7f6281ac82385f5fd863de0
outputs/W11_2020_RESEARCH_REBUILD_STATIC_8IN/STL_PRINT_PARTS/06_static_rear_wing.stl,27684,stl,a4e8349d6074dcdd08e7cde94493d44a97e73b74f8dbeb6e10831177b81179f6
outputs/W11_2020_RESEARCH_REBUILD_STATIC_8IN/STL_PRINT_PARTS/07_2020_flat_stepped_floor_diffuser.stl,30284,stl,c37a7d27bee858fa11bae81aeeff761e012a5ac5c137130c45365cf083ecc10c
outputs/W11_2020_RESEARCH_REBUILD_STATIC_8IN/STL_PRINT_PARTS/08_four_stack_bargeboards.stl,16484,stl,7d62f5909febc8053afc1ccd08c9713d9eff93f25885cefa159a29a72b011703
outputs/W11_2020_RESEARCH_REBUILD_STATIC_8IN/STL_PRINT_PARTS/09_carbon_honeycomb_survival_cell.stl,29584,stl,58d5c41ee6ca57aca8aaa10eca96dd1399f52e7f25e9b8c81470bb017d400c2f
outputs/W11_2020_RESEARCH_REBUILD_STATIC_8IN/STL_PRINT_PARTS/10_front_impact_structure.stl,6684,stl,692ebc8a806485ae09228231df1c7f15dd20791db29579dcf59368569da39e4e
outputs/W11_2020_RESEARCH_REBUILD_STATIC_8IN/STL_PRINT_PARTS/11_side_impact_structures.stl,14084,stl,642c51b64f126ae12f1a416cc6aa0652830a4779ce662bc7f35aa69517caeea8
outputs/W11_2020_RESEARCH_REBUILD_STATIC_8IN/STL_PRINT_PARTS/12_v6_turbo_hybrid_power_unit.stl,48684,stl,c2c826c34e349681d481baf21d9e08e14dc41e49f098e85cdb7689f2c4f98ec7
outputs/W11_2020_RESEARCH_REBUILD_STATIC_8IN/STL_PRINT_PARTS/13_compact_energy_store.stl,2484,stl,bd51b1e5e5c62b32d0a8b91380c423e0c18dc371cb003e126997091669820357
outputs/W11_2020_RESEARCH_REBUILD_STATIC_8IN/STL_PRINT_PARTS/14_transaxle_gearbox.stl,6084,stl,0a5c716608a7edb74fe0235af0ce6a3ecabc3068ca0ff55ed1a516b9c32c7808
outputs/W11_2020_RESEARCH_REBUILD_STATIC_8IN/STL_PRINT_PARTS/15_rear_impact_structure.stl,4884,stl,2b107c8ef7f971df39e372898db902567196e1b08075dd2adde7ae9d51e64851
outputs/W11_2020_RESEARCH_REBUILD_STATIC_8IN/STL_PRINT_PARTS/16_front_pushrod_suspension.stl,47884,stl,8b7ffa6827253e9cfc314a1a7791b8fd8064defde89930bba9958fe0b13d2487
outputs/W11_2020_RESEARCH_REBUILD_STATIC_8IN/STL_PRINT_PARTS/17_rear_swept_pullrod_suspension.stl,45484,stl,f212f0704333d5b8e99c54114dc95b02fe3a28ae89703ff85f06298fd8e5330f
outputs/W11_2020_RESEARCH_REBUILD_STATIC_8IN/STL_PRINT_PARTS/18_rolling_wheel_x4.stl,98484,stl,ecfd607417719848731b5556df67e6bee383e877307b1b3305eaf404e20340ac
outputs/W11_2020_RESEARCH_REBUILD_STATIC_8IN/STL_PRINT_PARTS/19_axle_pin_x4.stl,5684,stl,6b10ce648b569a9a1b712bea5dd52ab083d54cb3c1ab6332e22cc1e48146e402
outputs/W11_2020_RESEARCH_REBUILD_STATIC_8IN/STL_PRINT_PARTS/20_wheel_retainer_x4.stl,10484,stl,13314b0cd228de7a88c221c2e5d7f9109213f2bad42edecd7459243cf1d45166
outputs/W11_2020_RESEARCH_REBUILD_STATIC_8IN/W11_2020_ALL_PRINT_PARTS_220MM_PLATE.3mf,152780,3mf,5afa3e068ed61e454912bd86c2e1ab4b81153cff6d80c326840a8bce57788815
outputs/W11_2020_RESEARCH_REBUILD_STATIC_8IN/W11_2020_CHASSIS_ONLY.glb,82024,glb,3e0cc5eaaaf12369667d957724417eba573f9af722441431b986d51d87d7712a
outputs/W11_2020_RESEARCH_REBUILD_STATIC_8IN/W11_2020_FLAT_STEPPED_FLOOR_ONLY.glb,23044,glb,6a8bd508e771c16efec693baf0626e6926b86cab78a5bfdc297a4b13d04ab79d
outputs/W11_2020_RESEARCH_REBUILD_STATIC_8IN/W11_2020_PRINTABLE_ASSEMBLED.glb,344092,glb,f28ec2ee316c375c61e379c85081fa10e3a61d420737cae271f0c4326deaeb24
outputs/W11_2020_RESEARCH_REBUILD_STATIC_8IN/W11_2020_PRINTABLE_ASSEMBLED_REFERENCE.stl,894984,stl,06bac9bb51c2520a76748e8c42fd621fbc3a58c50af31295f07dd9ea6a89501f
outputs/W11_2020_RESEARCH_REBUILD_STATIC_8IN/W11_2020_PRINTABLE_EXPLODED.glb,344088,glb,21e3e9b3e42170fae63496666bc378882d9d295cd13693fddf152b9f26d12629
outputs/W11_2020_RESEARCH_REBUILD_STATIC_8IN/W11_2020_REFERENCE_RESEARCH_ASSEMBLED.glb,15762280,glb,44fc9462cb6a7d9efc6cfaf096277a07e1802af903d9ade8387f52e25bee28c0
outputs/W11_2020_RESEARCH_REBUILD_STATIC_8IN/W11_2020_REFERENCE_RESEARCH_EXPLODED.glb,15762332,glb,a512d041d914f04dadb57c4b7c43ee86849e02e2324e95e6e1ac10cf7ede87bc
outputs/W11_2020_RESEARCH_REBUILD_STATIC_8IN_COMPLETE.zip,34203132,zip,df3fffa8a1a177224a95578a4bc7ab65e0a0038c79fb27be6aeffcc25ef23cba
outputs/W11_V6_HYBRID_STATIC_8IN/DESIGN_OVERVIEW.svg,1996,svg,b4c52bd30276854ca879f83305c704f3c1e1ffa78aff5eb412a6de5d6bea96de
outputs/W11_V6_HYBRID_STATIC_8IN/GLB_INDIVIDUAL_PARTS/01_reinforced_upper_body.glb,29456,glb,59b3409a70fbce512581ccd279188cec6edc5a842d2bf31798943c1c35091cd7
outputs/W11_V6_HYBRID_STATIC_8IN/GLB_INDIVIDUAL_PARTS/02_removable_nose_crashbox.glb,8448,glb,4320515febbd28ca759d42a7d87e231eea5b3e796cc262a12f836247db47d9d6
outputs/W11_V6_HYBRID_STATIC_8IN/GLB_INDIVIDUAL_PARTS/03_cockpit_insert.glb,6280,glb,95c4fa1d16df69acc68e856473817195e49682dc45e47459d4c2a903ee97700e
outputs/W11_V6_HYBRID_STATIC_8IN/GLB_INDIVIDUAL_PARTS/04_static_halo.glb,10664,glb,a1904a31cfadc6a3247e8860e184012aab0e1126d86bc79dab903db4ff29d995
outputs/W11_V6_HYBRID_STATIC_8IN/GLB_INDIVIDUAL_PARTS/05_static_front_wing.glb,15560,glb,4ae28ac1084fc5a9c55345785c0316b5613d07c41546ca63f0a7fcb4a4845666
outputs/W11_V6_HYBRID_STATIC_8IN/GLB_INDIVIDUAL_PARTS/06_static_rear_wing.glb,12608,glb,274cc6c62c9995ee0341c24a855d227545245463a85cb27710926698a5ec2c3f
outputs/W11_V6_HYBRID_STATIC_8IN/GLB_INDIVIDUAL_PARTS/07_twin_venturi_floor.glb,26076,glb,3aa9c9eb61d581399e06b8332e4c456723654bc2c8c01aebfa2a3b0316704569
outputs/W11_V6_HYBRID_STATIC_8IN/GLB_INDIVIDUAL_PARTS/08_structural_ev_chassis.glb,29636,glb,6cefa995dcd8a81b7c288fae3db018c1715ae6e0687cdba899f2f04fd213483e
outputs/W11_V6_HYBRID_STATIC_8IN/GLB_INDIVIDUAL_PARTS/09_low_energy_store.glb,4912,glb,aacdd7dde4dc08d8d2b0e5e0613d80eeffb05f80f7c68538a9b1cf2c42c89cbf
outputs/W11_V6_HYBRID_STATIC_8IN/GLB_INDIVIDUAL_PARTS/10_rear_motor_gearbox.glb,30168,glb,21d060f79fc1fc98f364a2370b1cd6a469ae476a8e4602dac3af1a5fad0cffd6
outputs/W11_V6_HYBRID_STATIC_8IN/GLB_INDIVIDUAL_PARTS/11_inverter_controller.glb,6604,glb,3f29d604ceb1941d002c741e3d24c74df2abd2ddcc01d9246d3afc6fc9e000c4
outputs/W11_V6_HYBRID_STATIC_8IN/GLB_INDIVIDUAL_PARTS/12_front_static_suspension.glb,22204,glb,8de7665d4ca6e9968ac17e9d25a0319774be0cf3225bcfb04c114d385a3d99bc
outputs/W11_V6_HYBRID_STATIC_8IN/GLB_INDIVIDUAL_PARTS/13_rear_static_suspension.glb,22728,glb,9443be51ab1ac21ffe516a181cde40e9e977846cc2d635c086d57242d703ac30
outputs/W11_V6_HYBRID_STATIC_8IN/GLB_INDIVIDUAL_PARTS/14_rolling_wheel_x4.glb,38164,glb,d78f7e75998969b17b9a793b5dde7cb88ce71b91d66e6c69f3f7c9e1d70f44f6
outputs/W11_V6_HYBRID_STATIC_8IN/GLB_INDIVIDUAL_PARTS/15_axle_pin_x4.glb,4500,glb,a4eb39b7ae1008124adf1383eb958d28254dea7a0122e754c8a6ca57868b53b8
outputs/W11_V6_HYBRID_STATIC_8IN/GLB_INDIVIDUAL_PARTS/16_wheel_retainer_x4.glb,6284,glb,f5d06bdaacb0abb598861c26421424e99aa49df0dfe4e15c21fd3788e55fe3fc
outputs/W11_V6_HYBRID_STATIC_8IN/MESH_VALIDATION.txt,3294,txt,063d7cb04de43c4c33fb7ef46c89dcb7dc7881ec411e5e77bcf6ee1998f1aadc
outputs/W11_V6_HYBRID_STATIC_8IN/PARTS_MANIFEST.csv,1596,csv,4a28cc69339300780740ed860fcca0306c26f8d0ec6a2cb3e0d5448c6a098605
outputs/W11_V6_HYBRID_STATIC_8IN/README.md,3211,md,c1f634bf2b6dae51f8c58d8d36954294d5ae96601116eb6240b98b4883809af6
outputs/W11_V6_HYBRID_STATIC_8IN/REFERENCE_LICENSE_AND_ATTRIBUTION.txt,497,txt,f79f46e1a19fb424e68f54ed9b713c03dbd76e681df01b368eb7cec870d4a72a
outputs/W11_V6_HYBRID_STATIC_8IN/STL_PRINT_PARTS/01_reinforced_upper_body.stl,73984,stl,70f543c51796c849a0a0e1171f60a45475e67c28a29dc6e97fcd339f0133579f
outputs/W11_V6_HYBRID_STATIC_8IN/STL_PRINT_PARTS/02_removable_nose_crashbox.stl,16184,stl,988508c534bd510196a535ca2cfd63fc0f118cd8fb34067dfdcdd908be1e289a
outputs/W11_V6_HYBRID_STATIC_8IN/STL_PRINT_PARTS/03_cockpit_insert.stl,10284,stl,f5a1d19796990fc742a39c651119e9a7285aa4639deeb097efd98f40850bb729
outputs/W11_V6_HYBRID_STATIC_8IN/STL_PRINT_PARTS/04_static_halo.stl,22284,stl,901c3127a75655814601a2ee96878cd75d34044ab3d99f840a69a9eaf3b1d73b
outputs/W11_V6_HYBRID_STATIC_8IN/STL_PRINT_PARTS/05_static_front_wing.stl,35684,stl,d96fbc11a73f6012831e712c5c5aeb83819c1a87a38011b57404d18e81c5b6a5
outputs/W11_V6_HYBRID_STATIC_8IN/STL_PRINT_PARTS/06_static_rear_wing.stl,27684,stl,a4e8349d6074dcdd08e7cde94493d44a97e73b74f8dbeb6e10831177b81179f6
outputs/W11_V6_HYBRID_STATIC_8IN/STL_PRINT_PARTS/07_twin_venturi_floor.stl,63484,stl,e08c7385b55eefab13a00235ac9d423dd4896a2132de0b038cd65a7e03ade5ff
outputs/W11_V6_HYBRID_STATIC_8IN/STL_PRINT_PARTS/08_structural_ev_chassis.stl,74284,stl,9293c1eb5291654b75059ea943328b1fee93951fa0acab69efc08104902fd5f7
outputs/W11_V6_HYBRID_STATIC_8IN/STL_PRINT_PARTS/09_low_energy_store.stl,6084,stl,f127c08801de7d84c7d91cc46a9c88c29b9af81a9efa3adf540a6d1d92fd69c6
outputs/W11_V6_HYBRID_STATIC_8IN/STL_PRINT_PARTS/10_rear_motor_gearbox.stl,76684,stl,b5369f28cb467645378b1c93a006c70ffa6b5b3909e185857712722af2807982
outputs/W11_V6_HYBRID_STATIC_8IN/STL_PRINT_PARTS/11_inverter_controller.stl,10884,stl,42c6aa36666b6e66c2122b1be35297f398ad199a35206a8fded5f1e24b8717d8
outputs/W11_V6_HYBRID_STATIC_8IN/STL_PRINT_PARTS/12_front_static_suspension.stl,53284,stl,0c6f626e4171dff45b9156f8e5c289abe7bb85bb71ddf2f265d2c4b359f96587
outputs/W11_V6_HYBRID_STATIC_8IN/STL_PRINT_PARTS/13_rear_static_suspension.stl,55084,stl,23c815894fe892b886beaf908af14466b1dd8c5ec31dea472bb9f6983bd8b5f4
outputs/W11_V6_HYBRID_STATIC_8IN/STL_PRINT_PARTS/14_rolling_wheel_x4.stl,98484,stl,ecfd607417719848731b5556df67e6bee383e877307b1b3305eaf404e20340ac
outputs/W11_V6_HYBRID_STATIC_8IN/STL_PRINT_PARTS/15_axle_pin_x4.stl,5684,stl,6b10ce648b569a9a1b712bea5dd52ab083d54cb3c1ab6332e22cc1e48146e402
outputs/W11_V6_HYBRID_STATIC_8IN/STL_PRINT_PARTS/16_wheel_retainer_x4.stl,10484,stl,13314b0cd228de7a88c221c2e5d7f9109213f2bad42edecd7459243cf1d45166
outputs/W11_V6_HYBRID_STATIC_8IN/W11_REFERENCE_V6_SYSTEMS_ASSEMBLED.glb,15791816,glb,4824dfd9b8b43b22293fffbdff8e7c35144d3ddbadc37e3964057c91885ef6e0
outputs/W11_V6_HYBRID_STATIC_8IN/W11_REFERENCE_V6_SYSTEMS_EXPLODED.glb,15791828,glb,60571c97d4e65b72f19c63c105af4a7dae3fbd810954c050b7a6b74fb525b1c1
outputs/W11_V6_HYBRID_STATIC_8IN/W11_V6_ALL_PRINT_PARTS_220MM_PLATE.3mf,168756,3mf,ab8b0b377a85f73fee5738a5c47d31017e2c93a6b20a8348174b690c375367e9
outputs/W11_V6_HYBRID_STATIC_8IN/W11_V6_CHASSIS_ONLY.glb,105996,glb,39e850cec2273ba11cbf2439bc3950452757aa8c4da019f3f827e0080660f70b
outputs/W11_V6_HYBRID_STATIC_8IN/W11_V6_PRINTABLE_ASSEMBLED.glb,373060,glb,784a43057fd9428a29291aef171baefc9eb39bafb12f859a260e77e5d90166ed
outputs/W11_V6_HYBRID_STATIC_8IN/W11_V6_PRINTABLE_ASSEMBLED_REFERENCE.stl,982484,stl,d982380050c14e635f088605967277d2bf1ab3a110554b710a4f92b5e8846821
outputs/W11_V6_HYBRID_STATIC_8IN/W11_V6_PRINTABLE_EXPLODED.glb,373056,glb,e156f658a577b73e8b0ab4d60607224182db526d8caed3045b2ec27569bf13a8
outputs/W11_V6_HYBRID_STATIC_8IN/W11_V6_VENTURI_FLOOR_ONLY.glb,28648,glb,3c5f0f89d785a8fd360ff81781d912c75116ab79c741273e113a6ad1fe3eb768
outputs/W11_V6_HYBRID_STATIC_8IN_COMPLETE.zip,34550262,zip,546df83d098aaa7d51ada1ea7a137ea0f75695d14103c6d8c35866a8b2e68e27
outputs/advanced_ev_sedan/PRINT_AND_ASSEMBLY.txt,988,txt,b848951d3abd7c01c94901dae2c82df72e1ac0d535cea5ffc3628f02fa6101f0
outputs/advanced_ev_sedan/README.md,2095,md,f91187cb82914df077a5edd6218a9dea469545ee3c5360e6965fabe1892a58d9
outputs/advanced_ev_sedan/advanced_body.stl,44684,stl,4575b28881f1563e3b45a1d204c72958b45fceee69997ed718511eabdd1ec1b8
outputs/advanced_ev_sedan/advanced_ev_sedan_kit.3mf,76375,3mf,67e9e725ce1b1b89322ff80d7ee8e8bffac189e5bd6ef75cc12b141afe10332d
outputs/advanced_ev_sedan/advanced_ev_sedan_print_plate.3mf,76375,3mf,d7688edcf1b04654bb29c6454d1cae63b6043fa307de44c18224749b2696bfe6
outputs/advanced_ev_sedan/advanced_sedan_assembled_reference.stl,417184,stl,28922702c226a00069a33fb5cce0d4cdcbfb15e9d0324455a3605890f426b528
outputs/advanced_ev_sedan/fastback_cabin.stl,55584,stl,b1ce1cde85c603716d95387d1d05827288b920c4dc239b5083154bbee13161a3
outputs/advanced_ev_sedan/rear_wing.stl,4284,stl,beff5dc674a512e64f39da44bd3e19bfcf1ee824fd5276a40335dd7f5fffc351
outputs/advanced_ev_sedan/sport_wheel_x4.stl,61684,stl,60283512b168f2a91cc43bdb2301aa4aaf8547097a7a53322b622df8898d31b3
outputs/advanced_ev_sedan/suspension_axle_module_x2.stl,33284,stl,10a31ba8ee3dc1733d374739cb0a18e1d2cc7f61959f43940887f80e37c931b8
outputs/advanced_ev_sedan/wheel_retainer_cap_x4.stl,12084,stl,ca131a15197fe989466f8cf12aae7cdfdfac541203f00d596994140b051d80af
outputs/advanced_ev_sedan_v2/01_monocoque_body.stl,87484,stl,ddfc427ed68d390530ff23c5b00a9cd328529a847da2a0a6bc150e3a299b0683
outputs/advanced_ev_sedan_v2/02_fastback_cabin.stl,28784,stl,3c367a26eec9c46bdced42d03571dc754d3988789097f087b7ab6df8c3ac6d59
outputs/advanced_ev_sedan_v2/03_removable_vented_hood.stl,14884,stl,7c6a8daaaac6b4d76935e483c78b6204997189d414602d492108fe0620c05d6f
outputs/advanced_ev_sedan_v2/04_interior_tub.stl,19484,stl,cd8076a780e65321f3cedbc0eee377098d142e1d91f4735bb19cc0a487817890
outputs/advanced_ev_sedan_v2/05_swan_neck_rear_wing.stl,8884,stl,6298de2db0b696e9cc4e0f8f98511c93bbb478c8bca55daa22b07340fe01364f
outputs/advanced_ev_sedan_v2/06_front_steering_suspension.stl,69084,stl,e70dabd3a3540b7d544409e6aaac5b9ddabb18af067afc3a83227bf95545e6fa
outputs/advanced_ev_sedan_v2/07_rear_suspension.stl,66884,stl,48d735cd885180bab2f6e22f5bc55b1a13720ea7ac6e19b0ea17bbb0845b5cf4
outputs/advanced_ev_sedan_v2/08_tpu_tire_x4.stl,102484,stl,c441ade49ae960742b0df17f6d7fee8a45081616c272b46b2a6e52e908a57cbf
outputs/advanced_ev_sedan_v2/09_sport_rim_x4.stl,70884,stl,12003c54644f11e1ca8e934ca4bc9085c3b21c4f7d3b6d5fc447f1dbdc156ecf
outputs/advanced_ev_sedan_v2/10_brake_rotor_x4.stl,43884,stl,ffaa17bb23e13cb3bf7e0833513c220b14d4f9b93e4998a95971004d6e6ca025
outputs/advanced_ev_sedan_v2/11_wheel_cap_x4.stl,13684,stl,8833901713bbcad78d743d7d720971523c9eb86031c6557c8b4b2b8561100d4d
outputs/advanced_ev_sedan_v2/12_front_light_insert.stl,2484,stl,5a09dab6e53f30456c96088ccbe4f1b079b6cb959ccb151a0e126e58c32bb03c
outputs/advanced_ev_sedan_v2/13_rear_light_insert.stl,2484,stl,3bce4856de9f27d73171919a3fc71c730e271a0810eeafe731040a07ac45ddde
outputs/advanced_ev_sedan_v2/14_mirror_x2.stl,2284,stl,4cbbb7f25ef6cf0647a052495e2469749395731b3da98c5b3da2bda0d28d8722
outputs/advanced_ev_sedan_v2/PRINT_GUIDE.txt,1459,txt,11b982be3f95c1c406c92eb520ef2a9aa19e83c52534e0a6378a3eef1669688b
outputs/advanced_ev_sedan_v2/README.md,3517,md,23c4914069013677dff30c7bee947818785af11b3bf5b805683e26a99ac9f1b7
outputs/advanced_ev_sedan_v2/advanced_ev_sedan_v2_WHITE.3mf,192169,3mf,f01ba9a1adae828529b3da5ed2bac74b89242238dcd2c3febe1729de1459ff37
outputs/advanced_ev_sedan_v2/advanced_ev_sedan_v2_WHITE_FIXED.3mf,192184,3mf,5b4272764609dfc1144cc55e5b2a8a7eaf4d75f096d8f31e7d047a06f7bd6f91
outputs/advanced_ev_sedan_v2/advanced_ev_sedan_v2_kit.3mf,191778,3mf,b4580a05a13b97ce3ac95b64ad51644cabcbe7ff237255f80167e1b69fc45570
outputs/advanced_ev_sedan_v2/advanced_sedan_v2_assembled_reference.stl,1226584,stl,cfce0e3fba5a4ef891381088934af2dc1a831017adbf1a10b9b184ecb6a46c20
outputs/aero_estimate_v5/AERO_SIMULATION_REPORT.txt,1242,txt,50fb4ceda88ab28f5839b9950b5d2afcdf195f63629a18768f0f550260a8337d
outputs/aero_estimate_v5/README.md,1180,md,06fd1d65feb99fb8b9d1abd486372f368b2bcfefac98032da293b9e1bc2ebfd8
outputs/aero_estimate_v5/downforce_breakdown_300kph.csv,473,csv,ba2ecc76ce028175f2dd5a57db41ca98c8cf575f8f92110cf4d45d0e3acd1b42
outputs/aero_estimate_v5/downforce_chart.svg,6070,svg,8eb704dbbd93f67cb1d12053323a4fa6e902d40e80fb6eb33ff2776d8a639ebe
outputs/aero_estimate_v5/downforce_estimate.csv,1210,csv,693b5aa314272d2c05e71ef5e759d8078009a29e34b25afe4334f6312222c1c9
outputs/ev_chassis_model/README.md,1601,md,8ccc5c9fa10813843d9a61ba1995bb321ae0a1252a6da45d4bb6b0ed3d46e102
outputs/ev_chassis_model/car_iso.png,47745,png,80ff79e32414181c6c62c3627a1c589aaf88e3b20d6d771b26d5aa6944541b02
outputs/ev_chassis_model/car_rear.png,37339,png,0b2cc071e894615de00cf07fc3956db428dcb9d075995597ed1a82252f91d0f2
outputs/ev_chassis_model/car_side.png,22021,png,1e395d7ca96d6ececc2c6492a245e496762b7b4ee57fafa4daca31dc50612ca2
outputs/ev_chassis_model/parts_assembled.png,102575,png,f1feca107d5e29690eeda192e221598637b31d353712c0e47effdcd6b525b269
outputs/ev_chassis_model/parts_exploded.png,121464,png,52ebd42de2e30e4689f9c54313e51c6bf2603b5bc1dda0913d4a7d8952ffa54e
outputs/ev_chassis_model/preview_iso.png,95915,png,7128c6f8c620b19470e82651e593c09bd0da9a6bcf72330f85b0a4dba233bba1
outputs/ev_chassis_model/preview_rear.png,69633,png,a4e0abf1fb90b12816a32ca074576de8ed17df9cf7c7027188fed02388845137
outputs/ev_chassis_model/preview_top.png,51699,png,27b814d5f41bb1589a8330988853e68688a9f6d3fe6c48b85cb10cb8c705a768
outputs/ev_chassis_model/sedan_bay.png,132949,png,b64c736eaade8438635f3d79424bb30add8870800939dc3b6a9e75b2cab34520
outputs/ev_chassis_model/sedan_iso.png,105226,png,2e5aabc207471f3405708924c7c115b0e8173f1cb755fd44ef1bede33832a18d
outputs/ev_chassis_model/sedan_rear.png,87336,png,46a2c47a5870c6423edbf68f482f87cf904d01e968fc7e5b3cb37697a2ea4203
outputs/ev_chassis_model/sedan_side.png,52686,png,041c89153b03c48a9d5eaf91a932d80e51dc9d707f3c666a098cc3793deb5164
outputs/ev_chassis_model/sedan_under.png,106233,png,f5fb116c884293288e345189e4854f9d32fe09dd5739747b4d6835e2d317d0c7
outputs/formula_ev_prototype/01_carbon_monocoque.stl,22684,stl,58ffb1a0ee0b6879dd8329bee08e0b4bb8f06ed8a85ce8952d2c8f6fec0b4dc1
outputs/formula_ev_prototype/02_detachable_nose.stl,16184,stl,0cb8c05e0e10558cae084edb475ca584672597b608bd47c06042b8392de481fc
outputs/formula_ev_prototype/03_ground_effect_floor.stl,5484,stl,b581c9c7187eecac8d905904cf292b4cc279d373fd2264bcb0a7802e2c93d0bc
outputs/formula_ev_prototype/04_sidepods_radiator_ducts.stl,46884,stl,17945ac02186b5c5d0d4a301f2dba8601d8832528d624737a97101ec21897626
outputs/formula_ev_prototype/05_front_wing.stl,9484,stl,69b14a6157f363bee5836deefe1c7365b27e2266ea83db47a4bf1e7ecb710642
outputs/formula_ev_prototype/06_rear_wing.stl,8884,stl,c31940793b1a43f1acdde2de99c32bf87cd51f3e2d62fda5b1a9fc2d139036b8
outputs/formula_ev_prototype/07_halo.stl,9684,stl,e86b756aac366d58f0973270fd98ea4ae278e67d80e2329959544261cce19fc7
outputs/formula_ev_prototype/08_cockpit_insert.stl,11084,stl,8d04163dfe5978407736bbc682a11cf8d3557bc7a8fec28703bb7ac264816a14
outputs/formula_ev_prototype/09_front_pushrod_suspension.stl,42284,stl,690984078cfb1729704ed968ac30f2ce519c9479bc828734c26ba315b3fbaca8
outputs/formula_ev_prototype/10_rear_pushrod_suspension.stl,40084,stl,edf5c62c09c7a1e83f9be9b6d78c99edeb8d630d577ef6dbb78add641bb8f93b
outputs/formula_ev_prototype/11_slick_tire_x4.stl,76884,stl,251c1165c1467e771903f9279c35d0f5039f77d3c25437438e023218238de43d
outputs/formula_ev_prototype/12_centerlock_rim_x4.stl,50484,stl,74bc05a197aad6fd3345ff7831ad45915b6c4125b0dd0254d28812a35ea0f201
outputs/formula_ev_prototype/13_brake_rotor_x4.stl,19884,stl,176e71450a52aac6b8741fdc919da9794e77d05646d7eecf08a60a915e93567d
outputs/formula_ev_prototype/14_centerlock_nut_x4.stl,13684,stl,853ec36b75ade70d154ad307dab776dfbadb359584e454cdec663c68327491b5
outputs/formula_ev_prototype/15_battery_pack.stl,6084,stl,14848da8467aac099b7a2acef6ba3a7acaefbba114748f0e312db4ad55b18477
outputs/formula_ev_prototype/16_motor_gearbox.stl,111284,stl,f7f262c7c674af9e1076e2c1deb2e3e0b9e6d7ce20a73b3ea4fab2e644f24e2e
outputs/formula_ev_prototype/17_inverter.stl,3684,stl,0f2cae6ba80c355d480f00ca5684a5e4725909dc624fb1494635177d28aa3d62
outputs/formula_ev_prototype/FORMULA_EV_ASSEMBLED_COLOR.3mf,161255,3mf,d3fa084de2f389816c8853c6150d32e9ea58cf3a8c1e5eae5c51863357dfc299
outputs/formula_ev_prototype/FORMULA_EV_COMPLETE_ASSEMBLED.stl,975184,stl,ee8444f6a1c9c04d53c8734b641eb363ae73af60e9e3f55fbfe9ffb6f21362f5
outputs/formula_ev_prototype/FORMULA_EV_DETAILED_VIEWER.glb,385384,glb,0220fe3873fcdc6b04d03a7ab79b5b737fd4daa18e65e07c29a79786faea77f1
outputs/formula_ev_prototype/FORMULA_EV_DETAILED_VIEWER.mtl,525,mtl,0c5ffa8fb8d5d873ef3f28512cb4b8089774d7901f947d0a4b51ef76376812bd
outputs/formula_ev_prototype/FORMULA_EV_DETAILED_VIEWER.obj,667169,obj,aa8b5f33f8ffa6f4c8cfdc05d6527dfa230327bbc346049d9480bc06eed4c8a9
outputs/formula_ev_prototype/PRINT_ASSEMBLY_GUIDE.txt,1070,txt,7d030dfa4018b2c1cc483028164a2840d290d4047ae4393cfb3391d76f2b6d80
outputs/formula_ev_prototype/README.md,4043,md,4041c52285bf7316149b66a50002bfd3a2357790c6e4ed82e6011db35235c041
outputs/formula_ev_v2_detailed/01_enhanced_monocoque.glb,15720,glb,d6203d3f6369854e0c0101625822bd2c141eb3b27acc33239515fbbc1468b8d5
outputs/formula_ev_v2_detailed/02_sensor_nose_cone.glb,12128,glb,fc6c3f39ed300ca4b94d82263a3e8b90d2e643698941f07eb3f32aa19b1b4163
outputs/formula_ev_v2_detailed/03_venturi_floor_diffuser.glb,14076,glb,c05c91d6e6dfc5a5947a47d89b814046f7a4f2efc42fd57b5a00271d3195af99
outputs/formula_ev_v2_detailed/04_sculpted_sidepods_radiators.glb,27224,glb,453e086516ba4d8ff23a2438e033e4eb3d0b32828ec573422996ca06d9a0ec38
outputs/formula_ev_v2_detailed/05_four_element_front_wing.glb,14304,glb,9202345920d0d12dd39a7ff85797443b53f0f36cef6eeeb91f8628eae37dfd83
outputs/formula_ev_v2_detailed/06_rear_wing_mainplane.glb,9796,glb,7bddae4fd2c2c73527a170478d352918ebea28f4f81e4df984ecfcc8ce1b5817
outputs/formula_ev_v2_detailed/07_animated_drs_flap.glb,5440,glb,8be0e1caa3b70226f6013f344f32d35e60b15f5a19e808dfea6453006d1c37cd
outputs/formula_ev_v2_detailed/08_drs_actuator.glb,4808,glb,d2758280153f4eb7e8043ce0672f8d214f76cbd1bdfdfb72969c67bcdec1e786
outputs/formula_ev_v2_detailed/09_enhanced_halo.glb,14128,glb,fd106954a28938ca9f7bf2ea6a092b796022c9ac623be116eaf63d9236663bf9
outputs/formula_ev_v2_detailed/10_detailed_cockpit.glb,16052,glb,ccf19216b5b39afc93565ad68a90cf4c8305927ad568635bcfee745d4b2448f8
outputs/formula_ev_v2_detailed/11_front_pushrod_suspension.glb,37076,glb,5fc95666a0473ef76a5ebb6fe3018fc1188dd433e3522037e32c1d75bc3625b2
outputs/formula_ev_v2_detailed/12_rear_pushrod_suspension.glb,36068,glb,485bbd8c9c1e3e5f4b54e6e93666a7d05351edd043f216a62ed4f97857054035
outputs/formula_ev_v2_detailed/13_slick_tire.glb,31852,glb,4f8c5c5df6a925b84465e67f8ce8f29c714f9b31688b0a9cd1729ced106b0f32
outputs/formula_ev_v2_detailed/14_centerlock_rim.glb,32516,glb,6d57e262b0e40b90f061232ae9f99dbe9489752f9c33f96230a11927c0fff9d7
outputs/formula_ev_v2_detailed/15_drilled_brake_rotor.glb,18364,glb,c226938813ebfc8a9ffbe0362fa61f37506d2a4d1acee367a236ece8eb5fd9a5
outputs/formula_ev_v2_detailed/16_centerlock_nut.glb,7452,glb,d14b8e60922edf60d6b78293c0a32a01b31bd6f23c13c9cf3cf58d7ed3f6d36b
outputs/formula_ev_v2_detailed/17_battery_pack_busbars.glb,10684,glb,a9c5899a3015a942c42f2c6792db3a216c722b4c7663fa9530ca9287273aa6de
outputs/formula_ev_v2_detailed/18_motor_gearbox_cooling.glb,46380,glb,972573df808e3531cd2ef3e827730f95781947d3415d5b94f2b950eea68b4869
outputs/formula_ev_v2_detailed/19_inverter_connectors.glb,7848,glb,c27ed2a3319951f5637f746a71f360548f703480bcd143961757168a4221b2d7
outputs/formula_ev_v2_detailed/20_radiator_cooling_system.glb,5168,glb,81fd0a69efb317d584dde5b60c666e517d838922fd429c96d4edc346e7f133c4
outputs/formula_ev_v2_detailed/21_telemetry_antennas.glb,4988,glb,3c72e1ed49fa069060cd22dceeb893aa9855650c802a72cc6be92933bbde100b
outputs/formula_ev_v2_detailed/FORMULA_EV_V2_ALL_GLB_FILES.zip,287619,zip,b563467641afcfe1dd8d83d4c79b8f347b7728faacd83c52d6c02b92bb20134e
outputs/formula_ev_v2_detailed/FORMULA_EV_V2_COMPLETE_ANIMATED_DRS.glb,586556,glb,473b3506ca94adf32604ceee4850d90ba30b19b15b359271133c87b810656ecd
outputs/formula_ev_v2_detailed/README.md,4368,md,c5fb700200e2d35213913480686046d368313fae234412ac609757df4f5c9d2b
outputs/formula_ev_v2_detailed/VIEWER_GUIDE.txt,680,txt,ba938aa0d1504bd099841e0e855e95d5463cbe6ebf1e7fef043a12d42f2a265c
outputs/formula_ev_v3_2022_2025_floor/01_enhanced_monocoque.glb,16168,glb,3579b4c54ae827f552eca9a727ca8309a31c20377cb00c5eb4cd64f3fd25b4bf
outputs/formula_ev_v3_2022_2025_floor/02_sensor_nose_cone.glb,12576,glb,1057e0957f63e88eb663357bf4145617e593a2fa456de277448ed7087057729b
outputs/formula_ev_v3_2022_2025_floor/04_sculpted_sidepods_radiators.glb,27672,glb,b9e7df9a80afcd4fdb99cabe971984fdeeaa4586fbb46fd8ccc766b6a87413cc
outputs/formula_ev_v3_2022_2025_floor/05_four_element_front_wing.glb,14752,glb,2fa7cfffed2a88301691ec3818f47ff0c57b348cb24a80d166c415c9076756a1
outputs/formula_ev_v3_2022_2025_floor/06_rear_wing_mainplane.glb,10244,glb,b3207f333b09e2591361828f2501b74932eb240eb842234271cfc00b2d21ff98
outputs/formula_ev_v3_2022_2025_floor/07_animated_drs_flap.glb,5888,glb,d72a00900f80447bd77909d49448d1bbb095ca431924b13cf9728d697bae2613
outputs/formula_ev_v3_2022_2025_floor/08_drs_actuator.glb,5256,glb,96ca23f03a346467be0cc85e987f7d6d8f3a6058991112c462187a0a78d51a26
outputs/formula_ev_v3_2022_2025_floor/09_enhanced_halo.glb,14576,glb,6703cd6528ad81b038f00f4239461b9d34610193397072e5b954a2691706ac15
outputs/formula_ev_v3_2022_2025_floor/10_detailed_cockpit.glb,16500,glb,fb51fac8f2a4d59c9a40e4405f02ecc28bb8fd9210a091b6dd5850b1299ddfb1
outputs/formula_ev_v3_2022_2025_floor/11_front_pushrod_suspension.glb,37524,glb,ba9930fe204e827e5def980ff83f2a9f47e7e1243b45bfccd5ba1fb846efcf12
outputs/formula_ev_v3_2022_2025_floor/12_rear_pushrod_suspension.glb,36516,glb,470d1ef7f51e17306b6dab2278c68a8f917f1cf5a41a94b78d948c95e3d5b876
outputs/formula_ev_v3_2022_2025_floor/13_slick_tire.glb,32300,glb,061d29f10874d33cbeb5a8299ce5c4a00527a844f247ceeed1e17fcce7bfac5b
outputs/formula_ev_v3_2022_2025_floor/14_centerlock_rim.glb,32964,glb,fe8575467247585eccd8471c9e3682ef5366e2111341ddb318511ca06e7ad7ff
outputs/formula_ev_v3_2022_2025_floor/15_drilled_brake_rotor.glb,18812,glb,2cd38807e82825a534a38e349b65cfc97600c8cdd2e3abbaf528fe673114864f
outputs/formula_ev_v3_2022_2025_floor/16_centerlock_nut.glb,7900,glb,2907a20b396dba039a8d265f7c80f925e6f079518019898cd053276e5ca7f607
outputs/formula_ev_v3_2022_2025_floor/17_battery_pack_busbars.glb,11132,glb,76d92d03a60d45a78cd0c7d044bfe9f041ad1373577a8a19ab4bf8fe20c27a24
outputs/formula_ev_v3_2022_2025_floor/18_motor_gearbox_cooling.glb,46828,glb,39be9f276755412aecf24f824d38da02b8d0e17d68a34ff126d687e8bf75720e
outputs/formula_ev_v3_2022_2025_floor/19_inverter_connectors.glb,8296,glb,758f97eb71ca3a6de2d6c19f48955aebf7d4b1350b8c940df55b9457fd556ce8
outputs/formula_ev_v3_2022_2025_floor/20_radiator_cooling_system.glb,5616,glb,7e7054d9d7ee31abec2e250a51ae911d78b01c7d34d3c5065240fd742d48c0ba
outputs/formula_ev_v3_2022_2025_floor/21_telemetry_antennas.glb,5436,glb,0eb4721ff3c87cf865ea296f66083afbf4db331761816335c6010d0c34e846fc
outputs/formula_ev_v3_2022_2025_floor/22_upper_floor_body.glb,3916,glb,3d08ebd180f2b2a9aa294e48a5b72dd352ae17ff39d6990c0937ca70d4747db8
outputs/formula_ev_v3_2022_2025_floor/23_left_venturi_tunnel.glb,5720,glb,030ea184cb8322202d11ebe96435ce0c8acb08bdce683281738067d12aad799b
outputs/formula_ev_v3_2022_2025_floor/24_right_venturi_tunnel.glb,5720,glb,bebf92a740cc79d319389ff903e6d20bf77096ecaa29f5a7a63aaa86b4f80da0
outputs/formula_ev_v3_2022_2025_floor/25_left_inlet_fences_x4.glb,18548,glb,b6678d4a46917c54c7ea3e5b380b91e608299fe278238177b5687571e3f5d274
outputs/formula_ev_v3_2022_2025_floor/26_right_inlet_fences_x4.glb,18548,glb,71ee00d6075160c60463089a19d5f932e772fc5605751ced2fbebcd9ae97d282
outputs/formula_ev_v3_2022_2025_floor/27_left_floor_edge_wing.glb,12300,glb,41273bb0dbca31f40d85bb1bd6a8bfd0ee6dd5763f49116d5297e025314470d5
outputs/formula_ev_v3_2022_2025_floor/28_right_floor_edge_wing.glb,12300,glb,2ce673bd5a218330393be4f6916c51a930ceec30d67ae9bb696673c58467895e
outputs/formula_ev_v3_2022_2025_floor/29_central_plank.glb,16784,glb,48b6e9e5a9610511a9beb98409c13b9d932ef558481570b01d2fe1939a662001
outputs/formula_ev_v3_2022_2025_floor/30_titanium_skid_set.glb,3696,glb,b597b1a60e05b1b94fc19dd9d3effccf6800be1473f8b949d79dbe18ec0282ee
outputs/formula_ev_v3_2022_2025_floor/31_bib_tea_tray.glb,3188,glb,2883d2398538cfae04c8c756d57d3760d80e78502c326f0c1715b44fb3340553
outputs/formula_ev_v3_2022_2025_floor/32_left_diffuser.glb,4576,glb,ffa59494cc511b9fb6d2603c44de9e02968861d9ae6002c02fb1a9cfd2d98c21
outputs/formula_ev_v3_2022_2025_floor/33_right_diffuser.glb,4576,glb,6512ccea52d1fa5050e995ec056f6c4c965279636ae70ccb266803d06f00bfd4
outputs/formula_ev_v3_2022_2025_floor/34_diffuser_strakes.glb,4156,glb,db7006720b6ff1cae32e945669d44227bfd6e889bb137cbae53a3a9615cac9cf
outputs/formula_ev_v3_2022_2025_floor/35_boat_tail_keel.glb,5712,glb,8b0ac66ace83898b006dd1102add03f2fc53d695379c7d17bc299fa8e1f9bdbd
outputs/formula_ev_v3_2022_2025_floor/36_rear_wake_fences.glb,7412,glb,b19ffaf00394184b3b233158804753d8d4ff4ccfc411d9ac5ca6c455d86b3875
outputs/formula_ev_v3_2022_2025_floor/37_floor_stays.glb,5840,glb,c986b8f935ca2fcba4a6515e5b0c7f118babef6cdc251ac51b39f89e201187ba
outputs/formula_ev_v3_2022_2025_floor/FLOOR_DESIGN_NOTES.txt,972,txt,7c47d5be0391613481e10cdf11a5f33dbfda3bfaea88a07b344ee7d4342bff3a
outputs/formula_ev_v3_2022_2025_floor/FORMULA_EV_V3_ALL_GLB_FILES.zip,413173,zip,47d0de9e7e442bfe7f6baacd559dfb4bee08323ead62ad7af5e924ce086c104b
outputs/formula_ev_v3_2022_2025_floor/FORMULA_EV_V3_COMPLETE_2022_2025_FLOOR.glb,672168,glb,1aaad2b99ab4a2a3278a2a5d3966bce4054f3a4e1cb00275f6c2b38b2d145545
outputs/formula_ev_v3_2022_2025_floor/FORMULA_EV_V3_COMPLETE_UNDERFLOOR.glb,99616,glb,58f633fb7616ac1ff2203b1d4e895b5abe0216914ea2b29c51ea303ff4cfdfb9
outputs/formula_ev_v3_2022_2025_floor/FORMULA_EV_V3_EXPLODED_UNDERFLOOR.glb,99644,glb,e6e68ab8945b6a2259b5e03163c2608132cfb68b4542a1e769734344fdf6fc16
outputs/formula_ev_v3_2022_2025_floor/README.md,6954,md,349ed48e69126e5896d77c86355b6b490e1bb482eb2d83806e9fe4b77855b301
outputs/formula_ev_v4_dual_active_aero/01_enhanced_monocoque.glb,16168,glb,7bc1b426a0ca33b9e36d3291e1bdb4b7ddfbd336c801c7d2a1be41f6440cbdb0
outputs/formula_ev_v4_dual_active_aero/02_sensor_nose_cone.glb,12576,glb,f096511077d36cbfcb2499035ce3ad5281727b3541bfd5d490ee16fe36ade5dc
outputs/formula_ev_v4_dual_active_aero/04_sculpted_sidepods_radiators.glb,27672,glb,cf1a63b7d45698c661728718958e0ae2e61c8934dda025ae4dc7e6dd1b956b8e
outputs/formula_ev_v4_dual_active_aero/05_three_element_front_wing_base.glb,12988,glb,fe08c0ed658076d67050f1168b43373aae62d4a0256a1908efc4e1ddbd9e40c9
outputs/formula_ev_v4_dual_active_aero/06_rear_wing_mainplane.glb,10244,glb,d1493ab7cd4311e5ac18de0bac61a87998c55900ba128ada5d6aaf8e95c8244c
outputs/formula_ev_v4_dual_active_aero/07_animated_drs_flap.glb,5888,glb,ed75ad4d277ecfeb115ed90d28f0b5cf69a8cd5d3354965e15d8c8a25d337986
outputs/formula_ev_v4_dual_active_aero/08_drs_actuator.glb,5256,glb,e745ebd6ba3d907ecc08b62012c9223afc47395d547b62564435bf0230fa904f
outputs/formula_ev_v4_dual_active_aero/09_enhanced_halo.glb,14576,glb,b85e25584c77afa3c24330e8636fc151d259f233288b155e1ea22b601aefd7a0
outputs/formula_ev_v4_dual_active_aero/10_detailed_cockpit.glb,16500,glb,4151fc0c5da6e78b8b73f116423115a4c56f6975bd02575c8a8e1af7402cb108
outputs/formula_ev_v4_dual_active_aero/11_front_pushrod_suspension.glb,37524,glb,9a1df0d6cc31794c1b8da2d5f7e0d848f3f3fb6f04c768902ce129ee7879b228
outputs/formula_ev_v4_dual_active_aero/12_rear_pushrod_suspension.glb,36516,glb,ecb1d5d28f8b00b55792aed2e5044c7fb8ba9063af8e1efe8199ca109c1626e9
outputs/formula_ev_v4_dual_active_aero/13_slick_tire.glb,32300,glb,026205361ee87f9c980141baf3e305d55309e700c15eadc91b735918a151baa2
outputs/formula_ev_v4_dual_active_aero/14_centerlock_rim.glb,32964,glb,87393197431d75b0df1d175921e735ef8df46b64bffb7b061aabbc67edc2e3fc
outputs/formula_ev_v4_dual_active_aero/15_drilled_brake_rotor.glb,18812,glb,c0cfa52081ae0832733522df29ec06a1ec0aa46ca6eb18b04a0fd82653dd9af0
outputs/formula_ev_v4_dual_active_aero/16_centerlock_nut.glb,7900,glb,df29cc181e447b22adf0cea9d033b98e7d5e1c473e89fb036b7c3eb6eb9d2500
outputs/formula_ev_v4_dual_active_aero/17_battery_pack_busbars.glb,11132,glb,010c3c8f5a82d66e5e2ba66ad6bb68ccc3f0c6c1ac466c54fd21d1efaabee8cc
outputs/formula_ev_v4_dual_active_aero/18_motor_gearbox_cooling.glb,46828,glb,961343b77c2e6b4001af41cf9803e82ec1905d965931e97c8f64d832ac368354
outputs/formula_ev_v4_dual_active_aero/19_inverter_connectors.glb,8296,glb,d66ff77b744cdafacc78523fe190aba17b3898b426dceb0ea9f9aa8f430a2a67
outputs/formula_ev_v4_dual_active_aero/20_radiator_cooling_system.glb,5616,glb,7535406bc5aab07a6effb21afbaf0648d9b3342018fd813472f058d7ac7106e5
outputs/formula_ev_v4_dual_active_aero/21_telemetry_antennas.glb,5436,glb,2eb59bfcdeedb6a24ac34113f53e140ae1a7ffeab545d42e69a12889e247a6c5
outputs/formula_ev_v4_dual_active_aero/22_upper_floor_body.glb,3916,glb,394a6895df51a84566f207dcce1e57a58488c742d7b1cc74948c622b709edcab
outputs/formula_ev_v4_dual_active_aero/23_left_venturi_tunnel.glb,5720,glb,a5c01dc24a58410ca13a5446b4809a04f4b23cfc56121d6d4d00725172097169
outputs/formula_ev_v4_dual_active_aero/24_right_venturi_tunnel.glb,5720,glb,988c193bedde15e9eff65c6e48b28dba7ea8766dc462a16a4230fb6c92af75e3
outputs/formula_ev_v4_dual_active_aero/25_left_inlet_fences_x4.glb,18548,glb,d6d5e4364ac24216598e73f1ddb8627cee607f263f9c48b3a84d4021de8453fa
outputs/formula_ev_v4_dual_active_aero/26_right_inlet_fences_x4.glb,18548,glb,b171ee84dfe9d29218e41925072d51592bca4a2be73594208c664be009b64682
outputs/formula_ev_v4_dual_active_aero/27_left_floor_edge_wing.glb,12300,glb,aa8934637ce2d39db8dfd2c897a0d4949011574b3e750ab44787a56f043ed95c
outputs/formula_ev_v4_dual_active_aero/28_right_floor_edge_wing.glb,12300,glb,47ac645f125e08f1cc7dcac53f2ef5f7aefe3e81de55fe613616a58fc11907e9
outputs/formula_ev_v4_dual_active_aero/29_central_plank.glb,16784,glb,1410fbe9f271a8662d27050ff54f0e29f19c1c428a1c52d2427a5ffa4e0da316
outputs/formula_ev_v4_dual_active_aero/30_titanium_skid_set.glb,3696,glb,9f8c2b18079f274c7a5760964dd7da70f0aae5d7e692077e637b69c32d5bea2c
outputs/formula_ev_v4_dual_active_aero/31_bib_tea_tray.glb,3188,glb,46999da42dcaf8016d5d6d241e61c07a25ba69e901fd348e7a2a6daeda8a6851
outputs/formula_ev_v4_dual_active_aero/32_left_diffuser.glb,4576,glb,7e3190d22b3898a1e837e7232de5892745f6e34bfca8139424ae81945bed52c4
outputs/formula_ev_v4_dual_active_aero/33_right_diffuser.glb,4576,glb,21c8cf1f6873c927406c727a14134c2ba0daf1619e87a646f07ed6bf3bcfd824
outputs/formula_ev_v4_dual_active_aero/34_diffuser_strakes.glb,4156,glb,09b1733bf5795c0c8a09d943d5a555d962d33ee433e6061026087da41cba2716
outputs/formula_ev_v4_dual_active_aero/35_boat_tail_keel.glb,5712,glb,837730cd18c1fc92765208e34c467263b75d5e60397fdca269401466d3f5970f
outputs/formula_ev_v4_dual_active_aero/36_rear_wake_fences.glb,7412,glb,e16abb62d43d0545c3280c5fd166adc83b8ce6da3eac3d51ee96851ddb81dfe7
outputs/formula_ev_v4_dual_active_aero/37_floor_stays.glb,5840,glb,bc10ec4e544c398f5ee268f04da71fe5efb8c6b456f2f9405d4d87af4278d25d
outputs/formula_ev_v4_dual_active_aero/38_left_active_front_flap.glb,9348,glb,861d5184e2a0bb79d682ae8c27df574b7049a093762d342d274fc0f96cbda34b
outputs/formula_ev_v4_dual_active_aero/39_right_active_front_flap.glb,9348,glb,623eb1547aee2eef59afe5f8d61b8cb1898f82814c696f979a14c14e9e2abf06
outputs/formula_ev_v4_dual_active_aero/40_front_active_aero_actuator.glb,6596,glb,67c9eea09044702287eeabdfa0f898e954d0b71d1909296f365376e41a8c5ebf
outputs/formula_ev_v4_dual_active_aero/ACTIVE_AERO_GUIDE.txt,671,txt,ccec698374697551ee595cc8e58722345e2ff285f8190743897c5441df999856
outputs/formula_ev_v4_dual_active_aero/FORMULA_EV_V4_ALL_GLB_FILES.zip,379086,zip,b953a489f87b084daa1508bdd0aa00919cc263d2c3beff4cfac136c8e54b979b
outputs/formula_ev_v4_dual_active_aero/FORMULA_EV_V4_COMPLETE_DUAL_ACTIVE_AERO.glb,689440,glb,0ed499740c4c926e2e71f35d5a068dccba324695ca1bf12ec02ce69107d0bb9e
outputs/formula_ev_v4_dual_active_aero/FORMULA_EV_V4_FRONT_ACTIVE_AERO_SYSTEM.glb,32132,glb,f8644b04a4202a1b88703404341b6c42031d1f3997f465ef6514e6a05609f98c
outputs/formula_ev_v4_dual_active_aero/README.md,7348,md,b31954add5a6f01f6de8007b3d14879c5980a5aaa46aa72597f0f512e0433430
outputs/formula_ev_v5_all_active_flaps/01_enhanced_monocoque.glb,16168,glb,2aa5fb2866314260d7b5dded3899d807e65161a42bde502472f1026ed824eecf
outputs/formula_ev_v5_all_active_flaps/02_sensor_nose_cone.glb,12576,glb,131f1aa7f6288fca463876015e2ea5e2a15c0d7183a2d17be0576c948d6b38ca
outputs/formula_ev_v5_all_active_flaps/04_sculpted_sidepods_radiators.glb,27672,glb,c5cfeb2ea3f65275f7a853d45981845e8ab869f6bf5a76c9a5ad5afcda46e918
outputs/formula_ev_v5_all_active_flaps/05_fixed_front_wing_mainplane.glb,9428,glb,e00b9db31742537aeccf8218bc45e0f52893a3fd8e81481549851c4b30fc123b
outputs/formula_ev_v5_all_active_flaps/06_rear_wing_mainplane.glb,10244,glb,2f6ce4e15d6f540c0cbfd2a05efd73a0bb9ea625d174bfa64ebc55de7caf6cb9
outputs/formula_ev_v5_all_active_flaps/07_animated_drs_flap.glb,5888,glb,8d5e2cde52f3e8a465827bac5898cb486bb37c828b61e19383a7ce993e0e0f68
outputs/formula_ev_v5_all_active_flaps/08_drs_actuator.glb,5252,glb,2f849966651e01b05075de21b8ddd7d80383ad0826a348a297146adb674dc598
outputs/formula_ev_v5_all_active_flaps/09_enhanced_halo.glb,14572,glb,ef4bcfc6f63f2941b8d43f1e5ac492f86f9531deb0cb45bc0b9f66e96c5d5cda
outputs/formula_ev_v5_all_active_flaps/10_detailed_cockpit.glb,16500,glb,d2b4ed43725a20d29df826c4e18687b7708d4cdca14373e89632704521ae76e6
outputs/formula_ev_v5_all_active_flaps/11_front_pushrod_suspension.glb,37524,glb,acfe80ca80263dbfc7c58b48ec9c70782164888b46da2f387ba6d7edd0208179
outputs/formula_ev_v5_all_active_flaps/12_rear_pushrod_suspension.glb,36512,glb,1533d1724eafa54aa904609e778edb3bb5156571f10ff77d5e169a2b1505ac79
outputs/formula_ev_v5_all_active_flaps/13_slick_tire.glb,32300,glb,4f834c40bd75e32b3be63e2cfcfd5dab33868686581cb31d931c433922a00f92
outputs/formula_ev_v5_all_active_flaps/14_centerlock_rim.glb,32964,glb,ec193718ed7dcc4a080166ba0cde20b63329ef9305a3fff711bb8f41fdfe8648
outputs/formula_ev_v5_all_active_flaps/15_drilled_brake_rotor.glb,18808,glb,dfe76fda8b7ce7aa96e22512b78efd2a134dc390f27083ec4788c79f342de296
outputs/formula_ev_v5_all_active_flaps/16_centerlock_nut.glb,7896,glb,7f61cd5218b82715ef4cfd100086fd80f24663fe55c099fe21e710143fd29b7d
outputs/formula_ev_v5_all_active_flaps/17_battery_pack_busbars.glb,11132,glb,5433a5b2f888376778092cb02c3b67ad1962e83bbc212eb074d04b2dcc82ec62
outputs/formula_ev_v5_all_active_flaps/18_motor_gearbox_cooling.glb,46828,glb,569b1fb548a7ca26549d3725ec4dfce1fc4cba51d06fc0954f4312b17ebf04ec
outputs/formula_ev_v5_all_active_flaps/19_inverter_connectors.glb,8292,glb,1a9666cb8934aa93408ae8e98d8d8b8c0b2fd2e27673b8a1c94fbdec97bcdf52
outputs/formula_ev_v5_all_active_flaps/20_radiator_cooling_system.glb,5612,glb,8f8028f70a2a5bdae777bb9835cc8c486916f89d63eb7210e73b2132cd529213
outputs/formula_ev_v5_all_active_flaps/21_telemetry_antennas.glb,5432,glb,2da736b371fe06dc696a0d15b2f191cfe51bea1d51bde7d380b44d2337c0023d
outputs/formula_ev_v5_all_active_flaps/22_upper_floor_body.glb,3916,glb,cf7c57460ece3fff9d59fa3041ca25ba76bb12bfee0054d57a9ecf105da46e00
outputs/formula_ev_v5_all_active_flaps/23_left_venturi_tunnel.glb,5716,glb,4ac8733de4ed6a1eac4bf5108b25d5275943851d959daf3f982912f4c1286bfd
outputs/formula_ev_v5_all_active_flaps/24_right_venturi_tunnel.glb,5716,glb,19a476f61a2a209ac886260d520a0df2991df294e12a2fc31bf6415794e13d22
outputs/formula_ev_v5_all_active_flaps/25_left_inlet_fences_x4.glb,18544,glb,f87364cdd1ab8c6c63dfb23907fa31b2e5c84b9a37550fd5737c383b3c613dd3
outputs/formula_ev_v5_all_active_flaps/26_right_inlet_fences_x4.glb,18544,glb,acbcdde79cd87dfa0cd9fd68d0b526a75c5b3054ff351daf26b94bf9246d10a2
outputs/formula_ev_v5_all_active_flaps/27_left_floor_edge_wing.glb,12300,glb,fdff6fbe612269b88489887df22812857228e600779cdfc4a780344a9852d6aa
outputs/formula_ev_v5_all_active_flaps/28_right_floor_edge_wing.glb,12300,glb,f025f4f185bd5059b2abf8b3d1d5d8853c42d4e5741972f0c4b4ef0771f14bf4
outputs/formula_ev_v5_all_active_flaps/29_central_plank.glb,16780,glb,a09486d90c8f007d66aa49626c0361583d13f808f747ce138f1829691b6ae93d
outputs/formula_ev_v5_all_active_flaps/30_titanium_skid_set.glb,3692,glb,9330afeb66c8efcf1e97393dbd0413f4a78b60a7f7a7fd021ecdf31c87950354
outputs/formula_ev_v5_all_active_flaps/31_bib_tea_tray.glb,3188,glb,37a6e5d8176c964b160b8d8d7263c507b2c33eb70771f78e37a614a14fd8b090
outputs/formula_ev_v5_all_active_flaps/32_left_diffuser.glb,4572,glb,afb4fae9ba85ac56be75d6ae30ef1d27d7979ff5718a9abe1fd10151135e0080
outputs/formula_ev_v5_all_active_flaps/33_right_diffuser.glb,4572,glb,e1212e510e077f0bcfd4bdb170485041f72cfb6f50940a45fc77ee61f04dea0d
outputs/formula_ev_v5_all_active_flaps/34_diffuser_strakes.glb,4156,glb,b8e116aeae04d9005b8aaf629573aae6bce70f2ff4fb851e1fe5b68af7bc91cc
outputs/formula_ev_v5_all_active_flaps/35_boat_tail_keel.glb,5712,glb,d4bf354b9f562dcda552ef4de1d53c1cdfeda3f96af79177b669f020fb64f14e
outputs/formula_ev_v5_all_active_flaps/36_rear_wake_fences.glb,7408,glb,8100b7c5eeaa275985dcb3d280b364943981c97d2a75c8c66546729bb7b2638e
outputs/formula_ev_v5_all_active_flaps/37_floor_stays.glb,5840,glb,5c2b3f8aef96b99c67a909f625588e21b9055553068d8aa843539fdac9aa95d7
outputs/formula_ev_v5_all_active_flaps/38_left_active_flap_level_1.glb,10096,glb,542c44a3fd4c94543d5b3856551350ce5690435adf7ed7da7da0728c3ff8868d
outputs/formula_ev_v5_all_active_flaps/39_left_active_flap_level_2.glb,10096,glb,335487564f60a8850957b6b6f7ed0ea02c0dcacc08a008410773fa02e06a623a
outputs/formula_ev_v5_all_active_flaps/40_left_active_flap_level_3.glb,10084,glb,2d21ac85d503411d731cf8403097c0a64d5fef0f87f2029fa051508a32dd4760
outputs/formula_ev_v5_all_active_flaps/41_right_active_flap_level_1.glb,10096,glb,b8f51215abcda425207f599930b1a78860eccbc30a3cdf17d46634ba91224bc3
outputs/formula_ev_v5_all_active_flaps/42_right_active_flap_level_2.glb,10096,glb,a11ca5f0a5797cbce5f27c3a132dffddf49b4b7e90114e8f43072baa7e5391ef
outputs/formula_ev_v5_all_active_flaps/43_right_active_flap_level_3.glb,10084,glb,40cf6b41e580196c9c3e5dba1bb2cab79f4be1d5d64a66ac79bcffc281f58b1d
outputs/formula_ev_v5_all_active_flaps/44_six_channel_front_wing_actuator.glb,9696,glb,9651b2a6f9de0729eaae4898c12b533f208d335ed9673ab84655bc5768aa7e28
outputs/formula_ev_v5_all_active_flaps/ANIMATION_GUIDE.txt,552,txt,70c396bb37bb290b3410e5fe09cc0d78ff5ad9b66b824b9cc6033dc66ee0d33d
outputs/formula_ev_v5_all_active_flaps/FORMULA_EV_V5_ALL_GLB_FILES.zip,596830,zip,4bd954691b1a94daea62fe5ed312c04297d77f1f4a357f7b6dc983e1aa8b6e53
outputs/formula_ev_v5_all_active_flaps/FORMULA_EV_V5_COMPLETE_ACTIVE_FRONT_WING.glb,65860,glb,7fb5732cd7074ad52c6879d777334d9938f151e43ff9e9dda9bcd291b95feb3e
outputs/formula_ev_v5_all_active_flaps/FORMULA_EV_V5_COMPLETE_ALL_ACTIVE_FLAPS.glb,723228,glb,2749cd537b289960dfc2303cf46de15b5b825901450d00d33398ba8891710885
outputs/formula_ev_v5_all_active_flaps/FORMULA_EV_V5_COMPLETE_PRINT_KIT_55_PARTS.3mf,298971,3mf,5cd258bc068b3f8be58f6441eeafa3f1fd39668393a2a7a2689390bd5656089d
outputs/formula_ev_v5_all_active_flaps/FORMULA_EV_V5_COMPLETE_PRINT_KIT_COMPATIBILITY.3mf,298043,3mf,f49d80ee113fd318364bfffc0289f799be7b63ee2b2097c5e40b943772b29537
outputs/formula_ev_v5_all_active_flaps/FORMULA_EV_V5_COMPLETE_SYNCED_AERO_FIXED.glb,723172,glb,b450d64e142d759db35802a93ba5c9f058f03262412c87a5d25d823fd22af8fd
outputs/formula_ev_v5_all_active_flaps/PRINT_KIT_README.txt,915,txt,8d788925d092e9977b40682bb145e31e2c016c39a090c8af93b2e54200a75946
outputs/formula_ev_v5_all_active_flaps/README.md,9001,md,1b19f96038e767bea4d8b4819fb5a8045fc634536525733951bbd9c6773db0c3
outputs/portfolio_ev_sedan_v3/01_monocoque_body.stl,87484,stl,ddfc427ed68d390530ff23c5b00a9cd328529a847da2a0a6bc150e3a299b0683
outputs/portfolio_ev_sedan_v3/02_fastback_cabin.stl,28784,stl,3c367a26eec9c46bdced42d03571dc754d3988789097f087b7ab6df8c3ac6d59
outputs/portfolio_ev_sedan_v3/03_removable_vented_hood.stl,14884,stl,7c6a8daaaac6b4d76935e483c78b6204997189d414602d492108fe0620c05d6f
outputs/portfolio_ev_sedan_v3/04_interior_tub.stl,19484,stl,cd8076a780e65321f3cedbc0eee377098d142e1d91f4735bb19cc0a487817890
outputs/portfolio_ev_sedan_v3/05_swan_neck_rear_wing.stl,8884,stl,6298de2db0b696e9cc4e0f8f98511c93bbb478c8bca55daa22b07340fe01364f
outputs/portfolio_ev_sedan_v3/06_front_steering_suspension.stl,69084,stl,e70dabd3a3540b7d544409e6aaac5b9ddabb18af067afc3a83227bf95545e6fa
outputs/portfolio_ev_sedan_v3/07_rear_suspension.stl,66884,stl,48d735cd885180bab2f6e22f5bc55b1a13720ea7ac6e19b0ea17bbb0845b5cf4
outputs/portfolio_ev_sedan_v3/08_tpu_tire_x4.stl,102484,stl,c441ade49ae960742b0df17f6d7fee8a45081616c272b46b2a6e52e908a57cbf
outputs/portfolio_ev_sedan_v3/09_sport_rim_x4.stl,70884,stl,12003c54644f11e1ca8e934ca4bc9085c3b21c4f7d3b6d5fc447f1dbdc156ecf
outputs/portfolio_ev_sedan_v3/10_brake_rotor_x4.stl,43884,stl,ffaa17bb23e13cb3bf7e0833513c220b14d4f9b93e4998a95971004d6e6ca025
outputs/portfolio_ev_sedan_v3/11_wheel_cap_x4.stl,13684,stl,8833901713bbcad78d743d7d720971523c9eb86031c6557c8b4b2b8561100d4d
outputs/portfolio_ev_sedan_v3/12_front_light_insert.stl,2484,stl,5a09dab6e53f30456c96088ccbe4f1b079b6cb959ccb151a0e126e58c32bb03c
outputs/portfolio_ev_sedan_v3/13_rear_light_insert.stl,2484,stl,3bce4856de9f27d73171919a3fc71c730e271a0810eeafe731040a07ac45ddde
outputs/portfolio_ev_sedan_v3/14_mirror_x2.stl,2284,stl,4cbbb7f25ef6cf0647a052495e2469749395731b3da98c5b3da2bda0d28d8722
outputs/portfolio_ev_sedan_v3/15_skateboard_battery_pack.stl,30084,stl,ff448ea93cbb963acbb1e94e7114c63e1cf9bb8b91330b57880c1795d89182db
outputs/portfolio_ev_sedan_v3/16_rear_motor_gearbox.stl,120484,stl,61debb56ab412e122f29d659d353ebc540294478972a2c676408dbf90b124e8f
outputs/portfolio_ev_sedan_v3/17_inverter_controller.stl,7484,stl,57d7947a2acefe28930140536334663a5010d29c59d30b8f6164ccc6f0873412
outputs/portfolio_ev_sedan_v3/18_charging_service_unit.stl,6284,stl,b86cd9d3e1b22bebe0297db852b26cb27051dd2aa6eaa8e5fe6214ccd213a053
outputs/portfolio_ev_sedan_v3/EV_SEDAN_V3_ASSEMBLED_SHOWCASE.3mf,223041,3mf,ae93b8a1807f9d1e771b4468ab2002a53f88916e82972b7d13bcb5bea56ac1fd
outputs/portfolio_ev_sedan_v3/EV_SEDAN_V3_COMPLETE_ASSEMBLED.stl,1390584,stl,2256132b73253e00e2389989ede4ff182d633bea328c888beec1fc31cd5749be
outputs/portfolio_ev_sedan_v3/EV_SEDAN_V3_EXPLODED_REFERENCE.stl,1390584,stl,b17e5c58ceff30cb880038203c4ad45753eec67a3555a368ca7cc04f05f96e0b
outputs/portfolio_ev_sedan_v3/EV_SEDAN_V3_EXPLODED_TECHNICAL.3mf,223053,3mf,9e5b4c7856c38cb32e8cfb9228eb60f80113f930189200f12c699552c9ec08be
outputs/portfolio_ev_sedan_v3/PORTFOLIO_NOTES.txt,1423,txt,45bea6d551e751ed5a4dfb55e10d2905a7a7a02e69c7f346e854088def0971d4
outputs/portfolio_ev_sedan_v3/README.md,4401,md,ddbce1483fc29eabe7d9df1eb4c2c7908ee6851fd23dd94efd09cf9b52891876
outputs/portfolio_ev_sedan_v3/assembled_showcase.svg,2059026,svg,54a72296eed81a966a8888a700f35dd3615001a68c234c3b03e5c12320daafe7
outputs/portfolio_ev_sedan_v3/exploded_technical.svg,2057824,svg,4cd311f32a45016d2bc605d7f139a3a35673a322fb4bc19e6737aa0a967c07b4
outputs/v5_track_setups_spa_silverstone_monaco/README.md,1061,md,e298c3953ebd2fb99bf13e0fa3bfd29d28ce29182251020831bba5b495255afb
outputs/v5_track_setups_spa_silverstone_monaco/V5_THREE_TRACK_SETUP_REPORT.txt,3419,txt,d2d08aef4547c24db1f0d9a983b9c4b0592e552cfd7f7e6aaad473c24383aa28
outputs/v5_track_setups_spa_silverstone_monaco/V5_TRACK_SETUP_PARAMETERS.csv,1445,csv,e387b7d226b75021207ab16cf1627452f84faeae7fbe828ce8ce0528a03507ee
outputs/v5_track_setups_spa_silverstone_monaco/V5_TRACK_SPECIFIC_DOWNFORCE.csv,2432,csv,c4a5b968e7061de87f73dbce59801b7839c302e3c3ce45ab01572f6eb9621bc7
outputs/v5_wind_tunnel_and_track_sim/README.md,1606,md,25fd1b4610e24fb1cb92b52699418fc7022f38b1499609a1faae97ad407b48a9
outputs/v5_wind_tunnel_and_track_sim/V5_2026_LAP_TIME_CHART.svg,8044,svg,1595c1239729eb3ba15fe2c79e340572783f9a81b00d0c51952c10f2df4fdf65
outputs/v5_wind_tunnel_and_track_sim/V5_2026_TRACK_SIMULATION.csv,3995,csv,a50ae105f7bfdda163535dd290641d3966ebee20482993f1b12877b212bcaa37
outputs/v5_wind_tunnel_and_track_sim/V5_2026_TRACK_SIMULATION_REPORT.txt,2372,txt,96d254c08ef5b552d10c508dd235dae46d19cf02fb9a9c6823746e39b373377f
outputs/v5_wind_tunnel_and_track_sim/V5_VENTURI_WIND_TUNNEL_ANIMATION.glb,197512,glb,7815b3c0ebaa3956948e49dee21aaf8c598f3f475612ebaf186c88c01b230d19
outputs/v5_wind_tunnel_and_track_sim/V5_WIND_TUNNEL_AND_2026_TRACK_SIMULATION.zip,53719,zip,8a9f6150fb8eff1835c82e4bc31d08d3f21617dbb891ca3ed8f85215cd35d970
references/mercedec-f1-2020/ATTRIBUTION.txt,284,txt,78d40e5f74129630b3bd7d0f8951f2bd604b729493f5bc8ed2dea26c1bbc6a26
references/mercedec-f1-2020/README.md,727,md,d26506ec178bcb076ccb148f0b7b782d6accd75d287f768b902ef42971583e20
references/mercedec-f1-2020/mercedec-f1-2020.glb,15659052,glb,f63aa9ab4a1225080b5968ebbaa7aeb1bc909b506e1cae9d41df6a08b38ec11f
work/README.md,4579,md,0f567beb9669197407b1fccc3154ea8fe10b4bca3c47871cf7d57094c9d88c89
work/advanced_sedan.py,10635,py,deec2e22f9a3b2a60e1f8e7b2a670a11f04488a0b4de23c92614b6145153bef6
work/advanced_sedan_v2.py,9740,py,151c7a271cccf6d34c29e47f1240adc85334834c075eaac4d2160783b8bd908e
work/aero_estimate_v5.py,5650,py,b5f746ccae560aac70c1c13e63a5c71c1a447602de0303894bfb249482cdbb68
work/audit_stl_mesh.py,1751,py,7a164e6e806357a62210e4d9809195744fc8e90eb632eeaec2cb858bbc3f21df
work/audit_w11_reference.py,1509,py,7ac5c3d666b91cc82db5010b7ce716b4a4027fd1fe6c0783689141fb2e664c82
work/build_repository_docs.py,23889,py,758762538e0c15addaceb753b03610d94ec4bd9287d2744655e41d1cd06c62ab
work/build_w11_2020_aero_outputs.py,14104,py,cb8be000d601d45081a254fd23a2e0610f50f3c36bd05f3e4a107e51145b7ae6
work/build_w11_2020_glbderived_cfd_v2.py,8361,py,65c7c4bf3d77a92c54f8388d8694e50887d2654ba8fdfee94f53eb6f7830ae8a
work/build_w11_2020_research_rebuild.py,58757,py,c30c8f7ec8541de78ef37362c43fdc845f589ec68b307a02e07df01cd0ebbb81
work/build_w11_2020_su2_case.py,8225,py,969fbf4b9ee5bef5f7eb39c37379a82cf4462cd7b7ee82d5480a3296d42e91ba
work/build_w11_2020_validation_report.py,14236,py,67a31213492699dbad1aeab84967d26af1dfd58dfe93d0315658776b2f28182d
work/build_w11_glbderived_cfd_report.py,8100,py,da9a0af109b2e89e8ebcf5e9316a713699f531b551c8c02481215c6f6e7c0ec2
work/build_w11_glbderived_print_ready_8in.py,12344,py,82490b11d7d0cca7a405de5fecfe4a2bf125136fafa0dc4aaed6f2c52e334bed
work/build_w11_glbderived_visuals.py,10462,py,dd7af9d65b2e8e5cbda5c6bcc3aefdee3f25fbdf2bf9d9a57652dc92544106cd
work/build_w11_v6_static_hybrid.py,41018,py,7a440fe2d770213c74800ae56a28a93cac3d3df3477dcf73ba48e64f595bd138
work/embed_v6_actual_side_profile.py,6147,py,8b01aaf3d8fa1b33c4978d49689724c044e5323417e8e1eeb0752e163d19fbd6
work/export_formula_viewers.py,3536,py,c9dfa2d30e31e40c06052ed9c8e4dc54c92bd2424f1d36bd94f358681dd36c94
work/export_v3_stl.py,1197,py,128fc06280dc8bceb8db14532e0acee3c1d605973bab579a9614d9a596765e4a
work/export_v5_print_stls.py,2396,py,a32d5d0501dabc806c8f45aa2989e268eeec621b0b4fb56c466878561c8d0c08
work/formula_ev.py,9831,py,725ab0e565089644af028ff6866dfbdcb4a8c98c5b31d16fc34f672decb22432
work/formula_ev_v2_glb.py,12022,py,8bcb5b550966d34dd136128117fb2f349467e53770ba28313fbe7cf2bec1b176
work/formula_ev_v3_floor.py,10598,py,2caf87ffbeafee27863a38441f3f26de8aa57615d85ef9624e3f2778c35fe00a
work/formula_ev_v4_active_front.py,7845,py,d4fc28050b5910d19f5d54e5428f961be7d77b6662b20a4eebb13a9ef660bb9b
work/formula_ev_v5_all_front_flaps.py,8104,py,0f60edc70edfb5686f91ebb5204b23a711bf1d44f3111e46fa9921919d196e6a
work/integrate_w11_su2_streamlines.py,11298,py,9df8f27eb99b28c336179225da42d402dcdd344cb48d1bb6d23cf21a19ea6440
work/make_v6_print_ready.py,21558,py,93d6441416fc1369e47e2eadb00c8bd3a416a5743ca187ca3367526e02a345f3
work/package_v5_print_kit.py,5808,py,d1159b2d78bf1c7c352b0c94ebf49e338380a329784351825c07193a25f69b2d
work/portfolio_v3.py,10916,py,a275d894e1c888fbb573f321578b93947c83f9b2da5d24d12f601c35f6470dc1
work/rebuild_v6_cfd.py,18203,py,d83d4432b0e925c5d2971ac0d004ea183ee52d905f1dcd6091531daddaf7feb5
work/reference_mercedes_f1_2020/source/mercedec f1 2020.glb,15659052,glb,f63aa9ab4a1225080b5968ebbaa7aeb1bc909b506e1cae9d41df6a08b38ec11f
work/reference_mercedes_f1_2020/textures/Brake_Disc_D_22.png,133759,png,f9bfea98c880356c7e3d9fbeaa71c89b416b38b4aacb5fd1b59cfb6f28c9207c
work/reference_mercedes_f1_2020/textures/CLEARLED_TRANSPARENT_40.png,1087,png,7efa8fecf231baf0ebfca29ebe3443d40abfaa88f3483b0fe10f5fb46b0ea497
work/reference_mercedes_f1_2020/textures/Car_wing_27.png,80212,png,883c08d78931f4dbce767cd3975c73489903238fb8b37df1b636b72e09b20159
work/reference_mercedes_f1_2020/textures/EXT_Caliper_12.png,38076,png,6669e3a4a45d1696f1abd4f0ca522380037c194a91da8ee83af98a4561a1ead5
work/reference_mercedes_f1_2020/textures/EXT_Decals_5.png,510725,png,2f3498f40db990b7a6870e2b497ee3937402d35b6c7deb6e15a2b8fe08bac5c9
work/reference_mercedes_f1_2020/textures/EXT_carbon_fiber_4.png,4974,png,d542fbe2c567948b9366fc220c7b528fd292b12ac6274faa02dcb051bcb2d83e
work/reference_mercedes_f1_2020/textures/Halo_Stripes_23.png,11630,png,34fe92a2377aefb8027222a19d14cde5b7ea510228caea2d9b580076fbf61f96
work/reference_mercedes_f1_2020/textures/LCD_39.png,47924,png,6f7b3baa2e25014b6061dc486366d2119e87a0114a6a51de60d1be39b6dc48cd
work/reference_mercedes_f1_2020/textures/Mirror_0.png,5217,png,d105f2c88c9701a9b76d388c5981b043c8e630fa8edf17d7f8e51db6af88a301
work/reference_mercedes_f1_2020/textures/RIM_BLUR_17.png,60081,png,03c15069dbdd1c6a6801673ea7289ccf728d0e7d7a816cd041e11caed37cc45c
work/reference_mercedes_f1_2020/textures/SW_ALPHA_41.png,153735,png,24f0d03f88ad2093ad03fbde67bc027008f89a1e9e4d00415b531b3150d105d3
work/reference_mercedes_f1_2020/textures/Steer_Logo_42.png,44714,png,92f9a9f0d5a9ed9d5be5183e2fdafae04bfe4aa1bf36fea1db8a846993de87ce
work/reference_mercedes_f1_2020/textures/TAG3_44.png,169447,png,33f8d40809448a6cc3c314ac20edf12c49c04a0d0536d7f5f7acd72842678102
work/reference_mercedes_f1_2020/textures/Tyre_15.png,299909,png,22eb108eb2936a7b98cce1c78a4fbe33714cc1a3cd769f6d3aab7ff18836b829
work/reference_mercedes_f1_2020/textures/Tyre_NM_14.png,1511008,png,0baddfbc02855857abf6be9a4c046b6436b91574deda48b9fd713f647411f6c5
work/reference_mercedes_f1_2020/textures/W11_DISPLAY_35.png,6700,png,e39461ce2b8196b657c352f0485c1af1c564d5e09e1907e120ac5a4a721fae8a
work/reference_mercedes_f1_2020/textures/WeRaceLogo_1.png,77735,png,bb9e2e4e6741d7ded56f95795e9e75dc0ecf23a99e982abba85332118e319097
work/reference_mercedes_f1_2020/textures/alfa_chassis_8.png,339641,png,7e67c6c77a15bb792b7c9a9da0856e34d6e44cf811a019d1913d500088925a6f
work/reference_mercedes_f1_2020/textures/caliper_detail_13.png,124,png,ec120903dc32bac2f5d776de7d3677283ce845c71b976fff0602920456ec440d
work/reference_mercedes_f1_2020/textures/cf_pattern_3_d_33.png,1736,png,30532b9e394ea831bafabf98d79e871890911153ace88911ba9b4101595c72c0
work/reference_mercedes_f1_2020/textures/clearled_34.png,1080,png,b691299e035445f3a4a60b4161e69be1b5fc954554d3b32691f529b06caca095
work/reference_mercedes_f1_2020/textures/color_gold_36.png,86,png,72f6ed3d8a27bb8d131293b03ae968e871f2e0fc6e9ea286e30e5edc5913cdf8
work/reference_mercedes_f1_2020/textures/color_green_37.png,86,png,0dc060be847aa9dcf78c8270b1a9dbe31f23433c721d061a3ddc3f78bb97c55a
work/reference_mercedes_f1_2020/textures/color_red_38.png,86,png,5ad4483d0c615496ade27f4bb642f2cec9cc72cdf8a1c8c9fb6206d9a38439fd
work/reference_mercedes_f1_2020/textures/disc_d_20.png,2440,png,9597abf509f8eed32feb472c60c844951ed97ba27a5e8b84f17cec1b710180cb
work/reference_mercedes_f1_2020/textures/driver_number_24.png,25675,png,05b1d3a6495f760736e9ef96a52e3b018917c41dee70b2273af19eb22b3e868d
work/reference_mercedes_f1_2020/textures/ext_carbon_fiber_d_2@channels=A.png,2405,png,1d7fac89f0fd3526bcf792dec0abfffe305c749e12a648979af2716707440669
work/reference_mercedes_f1_2020/textures/ext_lights_29.png,108984,png,5e598ec3ef54478bcd82b0acd181c6e45a89ba6df1f47ecabf8567cb0a4e9714
work/reference_mercedes_f1_2020/textures/glass_da_26.png,6771,png,de0a7036c32d7b7cad916fee79b12a838c93c7e0741184f14c6c01b270a28edb
work/reference_mercedes_f1_2020/textures/j_43.png,2766,png,b7dc74f18465c235ea6afc40495695862b5b5abc5e37c1a745c9b567de265fbb
work/reference_mercedes_f1_2020/textures/mercedes_decal_da_25.png,739760,png,5f98efa91f01a8fcd0fda41b9bc0541290909cfc7e761b70055a503345d0a87f
work/reference_mercedes_f1_2020/textures/mercedes_detail_d_11.png,161092,png,041233133f491370bf7b2dedb3957198ea2f7e7c824f33b409d7c41274e5b534
work/reference_mercedes_f1_2020/textures/mercedes_paint_d_6.png,600290,png,142bbb63a74cd327a22ffdec27d9af232d62c89585990b894f07e6dd22167962
work/reference_mercedes_f1_2020/textures/mercedes_steering_wheel_31.png,124945,png,d6a86eb1f85b753fb428e98d57f60eb5000ef849f416b41898d8a5b8f6b7b30d
work/reference_mercedes_f1_2020/textures/mercedes_wheel_d _BLUR_18.png,226106,png,fcdb553165cd10e7ecb09a8114c6416993b061c6e4dd9a848dc47abd40e62e39
work/reference_mercedes_f1_2020/textures/mercedes_wheel_d_19.png,289190,png,fd09a41300d3dd867586e67decd1bacf6514617da00a270590a3b359697a6ba1
work/reference_mercedes_f1_2020/textures/redbull_paint_9.png,392965,png,13f171972a307efd14d722bbf8dc76c00dc53a52f029cda24fce6e823087009e
work/reference_mercedes_f1_2020/textures/tvcam_10.png,68,png,76ea188c90afb3db92949f051a24867092fc87aa7a4cb38024d4872a865cc7ef
work/render_w11_glbderived_cfd_figures.py,5573,py,f40477bc395ed13c0f02626b20822786c66b9c553e992f544170c0ed1c5253cb
work/track_sim_v5.py,4653,py,afb9c54df316266f9a27d3729ea716e9f7a85fcfbfc130e835e6da347ef77003
work/v5_track_setups.py,4615,py,0ade1de6ef484f0cc22668c05e0849fdcfe24fca8a59663d65376adfcf8df7cb
work/venturi_animation.py,5156,py,b82bfbf17fd476c055f4823d6b7bc3969ded7e70e3063189a2448f3cf33d4c9c
work/w11_open_source_research/F1_W11_BARGEBOARD_COMPARE.webp,87490,webp,8436041f567687093e2662c0e973222fe34081fa199be90c123e3bf3704366e6
work/w11_open_source_research/F1_W11_SPA_FLOOR.webp,367842,webp,e4ec649b2609419f9c855deacfd4021aa447a7b47f1f294bdd618391dce8fd64
work/w11_open_source_research/FIA_2020_F1_TECHNICAL_REGULATIONS.pdf,5881773,pdf,33da3601a89cfdc1fa89d3aadd0ded38064d9b43cf2105ed9924e561ea08af8e
work/w11_open_source_research/FIA_2020_F1_TECHNICAL_REGULATIONS.txt,264972,txt,fae03dfd6ca8a381c5d4f28fb8485bd7ae9778e6c7e50f4ff9dc6516a3298ca0
work/w11_open_source_research/W11_REAR_SUSPENSION_DIFFUSER.jpg,115655,jpg,6546bb0812664266ef2d9528069e9908ebfbf4d8ea361fd2d0c7bb81dbbff06b
work/w11_open_source_research/W11_SPA_FLOOR.jpg,92881,jpg,c1e74fd71912aff5fe642e3325b2e73db133ebceaf775bd8d79782800b53b254
work/w11_open_source_research/f1_w11_spa.html,340743,html,fd34790d1d870d6ee874bba029c8aa8ea0b327123e2d5cd9c81cb4ba2af9664d
