"Time_Iter","Outer_Iter","Inner_Iter",     "rms[P]"     ,     "rms[U]"     ,     "rms[V]"     ,     "rms[W]"     ,     "rms[k]"     ,     "rms[w]"     ,     "Min DT"     ,     "Max DT"     ,     "Min CFL"    ,     "Max CFL"    ,     "Avg CFL"    ,    "RefForce"    ,       "CD"       ,       "CL"       ,       "CSF"      ,       "CMx"      ,       "CMy"      ,       "CMz"      ,       "CFx"      ,       "CFy"      ,       "CFz"      ,      "CEff"      
          0,           0,           0,      -2.540517129,      -2.629131933,               -32,               -32,      -1.105569838,       4.614465342,   1.447953022e-06,      0.1238325227,                 1,                 1,                 1,              0.75,       2.839379319,     -0.1490718199,   -0.002609895597,   0.0008000859958,     0.06314971313,    0.001168997528,       2.839379319,   -0.002609895597,     -0.1490718199,    -0.05250155161
          0,           0,           1,      -2.640005079,      -2.715223684,      -3.658194733,      -3.443928719,      -1.684968994,       4.036902538,   1.430953289e-06,      0.1225905193,                 1,                 1,                 1,              0.75,       3.803666307,     -0.2807037175,   -0.007903143664,   0.0006908511955,      0.0830090972,    0.004912331591,       3.803666307,   -0.007903143664,     -0.2807037175,    -0.07379819753
          0,           0,           2,       -2.73686518,      -2.820356752,      -3.534511071,      -3.302884518,      -2.244335023,       3.480791512,   1.434528478e-06,      0.1228377302,                 1,                 1,                 1,              0.75,       4.690428268,     -0.3889088183,    -0.01370251942,   0.0006441166383,      0.1010828081,    0.008825329612,       4.690428268,    -0.01370251942,     -0.3889088183,    -0.08291541756
          0,           0,           3,       -2.82335372,      -2.900154195,      -3.460045688,      -3.211678278,      -2.770134356,       2.960235065,   1.435843165e-06,      0.1229240251,                 1,                 1,                 1,              0.75,       5.500513145,     -0.4800727525,    -0.01981276977,   0.0006386978266,      0.1172697301,     0.01282461326,       5.500513145,    -0.01981276977,     -0.4800727525,    -0.08727781206
          0,           0,           4,      -2.898650403,      -2.957349808,      -3.418969143,      -3.155433768,      -3.245953398,       2.491805516,   1.430031565e-06,      0.1225079514,                 1,                 1,                 1,              0.75,       6.240579111,     -0.5591122187,    -0.02609112076,   0.0006580026488,      0.1316544056,     0.01685750698,       6.240579111,    -0.02609112076,     -0.5591122187,     -0.0895930023
          0,           0,           5,      -2.965835843,       -3.00012915,      -3.395827409,      -3.119199823,      -3.658360716,       2.088310489,   1.424033963e-06,      0.1220772934,                 1,                 1,                 1,              0.75,       6.912758755,     -0.6293719906,    -0.03239531113,   0.0006890205159,      0.1442434464,     0.02086372396,       6.912758755,    -0.03239531113,     -0.6293719906,    -0.09104498116
          0,           0,           6,      -3.026459074,      -3.033623787,      -3.383237198,      -3.095745511,      -4.004099432,       1.751879438,   1.418247985e-06,      0.1216604546,                 1,                 1,                 1,              0.75,       7.519854932,     -0.6932787198,    -0.03860689366,   0.0007220491823,      0.1550849688,     0.02479323109,       7.519854932,    -0.03860689366,     -0.6932787198,    -0.09219309762
          0,           0,           7,      -3.081973109,      -3.061217784,      -3.377141936,      -3.081057383,      -4.289827577,       1.474953574,   1.412843126e-06,        0.12126976,                 1,                 1,                 1,              0.75,       8.065123064,     -0.7525959346,    -0.04462863766,   0.0007500150813,      0.1642566955,     0.02860517195,       8.065123064,    -0.04462863766,     -0.7525959346,    -0.09331487302
          0,           0,           8,      -3.133634688,      -3.084919131,      -3.375257347,      -3.072759935,      -4.526664475,       1.246026407,   1.407921694e-06,       0.120912752,                 1,                 1,                 1,              0.75,       8.552059672,     -0.8086064169,    -0.05038216741,   0.0007679225275,      0.1718563506,     0.03226666551,       8.552059672,    -0.05038216741,     -0.8086064169,    -0.09455107283
          0,           0,           9,      -3.182443015,       -3.10588192,      -3.376286534,      -3.069360269,      -4.725407371,       1.054254854,   1.403538233e-06,      0.1205935453,                 1,                 1,                 1,              0.75,       8.984263741,     -0.8622413864,    -0.05580650623,   0.0007724592865,      0.1779947257,     0.03575163859,       8.984263741,    -0.05580650623,     -0.8622413864,    -0.09597240366
          0,           0,          10,      -3.228907882,      -3.124819235,      -3.379590441,      -3.069928586,      -4.894729545,      0.8910504652,    1.39922213e-06,      0.1202790134,                 1,                 1,                 1,              0.75,       9.365587997,     -0.9141883157,    -0.06085761914,   0.0007616212731,      0.1827960934,     0.03904085274,       9.365587997,    -0.06085761914,     -0.9141883157,    -0.09761141703
          0,           0,          11,      -3.273418781,      -3.142188339,       -3.38475814,      -3.073776481,      -5.041131084,      0.7500289792,    1.39466838e-06,      0.1199476032,                 1,                 1,                 1,              0.75,        9.69992746,     -0.9649534311,    -0.06550555516,   0.0007344322554,      0.1863908294,     0.04212051882,        9.69992746,    -0.06550555516,     -0.9649534311,    -0.09948047912
          0,           0,          12,      -3.316590147,      -3.158207914,      -3.391355369,      -3.080271291,      -5.169434888,      0.6264832861,   1.390406509e-06,      0.1196368673,                 1,                 1,                 1,              0.75,       9.990785175,      -1.014886967,    -0.06972995157,   0.0006906757465,      0.1889037483,     0.04497954208,       9.990785175,    -0.06972995157,      -1.014886967,     -0.1015823031
          0,           0,          13,      -3.358578193,      -3.173115425,      -3.399229834,      -3.089026752,      -5.283286656,      0.5168747765,   1.386434677e-06,      0.1193467333,                 1,                 1,                 1,              0.75,       10.24151658,      -1.064232591,    -0.07352048331,   0.0006307642296,      0.1904588373,     0.04761013164,       10.24151658,    -0.07352048331,      -1.064232591,     -0.1039135741
          0,           0,          14,      -3.399404684,      -3.187110865,      -3.408272868,      -3.099737611,      -5.385443007,      0.4185391571,   1.382747111e-06,      0.1190768297,                 1,                 1,                 1,              0.75,       10.45531571,      -1.113153893,    -0.07687514583,    0.000555494161,      0.1911774636,     0.05000757973,       10.45531571,    -0.07687514583,      -1.113153893,     -0.1064677455
          0,           0,          15,      -3.438981143,      -3.200363449,      -3.418396661,      -3.112155767,       -5.47801533,      0.3294417057,   1.379335428e-06,      0.1188265855,                 1,                 1,                 1,              0.75,       10.63520801,      -1.161753607,    -0.07979888956,   0.0004660104011,      0.1911773028,     0.05216966567,       10.63520801,    -0.07979888956,      -1.161753607,     -0.1092365665
          0,           0,          16,      -3.476585633,      -3.213180078,      -3.429798878,       -3.12628081,      -5.562638406,      0.2480095629,   1.375107358e-06,      0.1185182631,                 1,                 1,                 1,              0.75,       10.78438275,      -1.210111538,    -0.08230427143,    0.000363704344,      0.1905785549,     0.05409824024,       10.78438275,    -0.08230427143,      -1.210111538,     -0.1122096245
          0,           0,          17,      -3.510792349,      -3.225881583,      -3.442947441,      -3.142361671,      -5.640534233,      0.1730669275,   1.367695522e-06,      0.1179828888,                 1,                 1,                 1,              0.75,       10.90647977,      -1.258324335,    -0.08441086945,   0.0002500606776,      0.1895088757,     0.05580054493,       10.90647977,    -0.08441086945,      -1.258324335,     -0.1153740127
          0,           0,          18,      -3.543250204,      -3.237785569,      -3.456671893,      -3.159417983,       -5.71258289,      0.1037619355,   1.360321813e-06,      0.1174495466,                 1,                 1,                 1,              0.75,       11.00395338,      -1.306407287,    -0.08613736876,   0.0001267693752,       0.188067043,     0.05727962997,       11.00395338,    -0.08613736876,      -1.306407287,     -0.1187216305
          0,           0,          19,      -3.573784498,      -3.249066877,      -3.470949037,      -3.177347196,      -5.779606282,      0.0393030116,   1.353021983e-06,      0.1169207678,                 1,                 1,                 1,              0.75,       11.07907531,      -1.354352629,    -0.08750466342,  -4.406879795e-06,       0.186345541,     0.05853977581,       11.07907531,    -0.08750466342,      -1.354352629,     -0.1222441938
          0,           0,          20,      -3.602236712,      -3.259863433,      -3.485735483,      -3.196052604,      -5.842275801,    -0.02095784273,   1.345827184e-06,      0.1163987724,                 1,                 1,                 1,              0.75,       11.13394563,      -1.402135252,    -0.08853503944,  -0.0001416483093,      0.1844302077,     0.05958637095,       11.13394563,    -0.08853503944,      -1.402135252,     -0.1259333662
          0,           0,          21,      -3.628503659,      -3.270272367,      -3.500974729,      -3.215443168,      -5.901131173,    -0.07754487471,   1.338764458e-06,      0.1158855054,                 1,                 1,                 1,              0.75,       11.17050358,      -1.449717061,    -0.08925199506,  -0.0002831198809,      0.1824000994,     0.06042576465,       11.17050358,    -0.08925199506,      -1.449717061,     -0.1297808152
          0,           0,          22,      -3.652550446,      -3.280358299,      -3.516602015,      -3.235432709,      -5.956617781,     -0.1308926241,   1.331857137e-06,      0.1153826635,                 1,                 1,                 1,              0.75,       11.19053814,      -1.497050078,    -0.08967996177,   -0.000426972862,      0.1803275766,     0.06106495641,       11.19053814,    -0.08967996177,      -1.497050078,     -0.1337782026
          0,           0,          23,      -3.674416121,      -3.290174495,      -3.532547796,      -3.255939005,       -6.00909692,      -0.181357103,   1.325125221e-06,      0.1148917191,                 1,                 1,                 1,              0.75,       11.19569776,      -1.544079433,    -0.08984364046,  -0.0005713738252,      0.1782782116,     0.06151153692,       11.19569776,    -0.08984364046,      -1.544079433,     -0.1379172131
          0,           0,          24,      -3.694210003,      -3.299761256,      -3.548740437,      -3.276883278,      -6.058868372,     -0.2292364796,   1.318585715e-06,      0.1144139419,                 1,                 1,                 1,              0.75,       11.18749886,      -1.590745763,    -0.08976793278,  -0.0007145197043,      0.1763108217,     0.06177347998,       11.18749886,    -0.08976793278,      -1.590745763,       -0.14218958
          0,           0,          25,      -3.712100788,      -3.309140496,      -3.565106932,      -3.298189491,      -6.106185211,     -0.2747853081,   1.312252791e-06,      0.1139504074,                 1,                 1,                 1,              0.75,       11.16733561,      -1.636987185,    -0.08947764185,  -0.0008546457198,       0.174477635,     0.06185916616,       11.16733561,    -0.08947764185,      -1.636987185,     -0.1465870859
          0,           0,          26,      -3.728300793,      -3.318330963,      -3.581574808,      -3.319783725,       -6.15127703,     -0.3182355824,   1.306137991e-06,      0.1135020097,                 1,                 1,                 1,              0.75,       11.13648823,      -1.682740911,    -0.08899765811,  -0.0009900359765,      0.1728244349,     0.06177723696,       11.13648823,    -0.08899765811,      -1.682740911,      -0.151101575
          0,           0,          27,      -3.743047772,      -3.327345873,      -3.598075331,      -3.341593675,      -6.194284021,     -0.3597404884,   1.300250456e-06,      0.1130694748,                 1,                 1,                 1,              0.75,       11.09613034,      -1.727944048,    -0.08835265516,     -0.0011190724,      0.1713908088,     0.06153649145,       11.09613034,    -0.08835265516,      -1.727944048,     -0.1557249235
          0,           0,          28,      -3.756587381,      -3.336199787,       -3.61454264,      -3.363548734,      -6.235341259,     -0.3994477952,   1.294597358e-06,      0.1126533907,                 1,                 1,                 1,              0.75,       11.04733619,      -1.772534738,    -0.08756676594,   -0.001240216118,      0.1702104401,     0.06114570059,       11.04733619,    -0.08756676594,      -1.772534738,     -0.1604490628
          0,           0,          29,      -3.769159524,       -3.34490347,      -3.630915499,      -3.385579869,       -6.27457053,     -0.4374930276,   1.289185378e-06,      0.1122543124,                 1,                 1,                 1,              0.75,       10.99108797,      -1.816452831,    -0.08666325032,   -0.001352035564,      0.1693113285,     0.06061351787,       10.99108797,    -0.08666325032,      -1.816452831,     -0.1652659716
          0,           0,          30,      -3.780984645,      -3.353466507,      -3.647139747,       -3.40762038,      -6.312065092,     -0.4739877922,   1.284018443e-06,      0.1118725962,                 1,                 1,                 1,              0.75,       10.92828234,      -1.859640703,    -0.08566491533,   -0.001453202918,      0.1687161755,     0.05994842092,       10.92828234,    -0.08566491533,      -1.859640703,     -0.1701677029
          0,           0,          31,      -3.792257553,      -3.361901466,      -3.663168227,      -3.429604151,       -6.34791286,     -0.5090401311,   1.279098247e-06,      0.1115084363,                 1,                 1,                 1,              0.75,       10.85973678,      -1.902043853,    -0.08459377099,   -0.001542511788,      0.1684426695,     0.05915867981,       10.85973678,    -0.08459377099,      -1.902043853,     -0.1751464047
          0,           0,          32,      -3.803143898,      -3.370221738,      -3.678961541,      -3.451469555,      -6.382170113,     -0.5427334579,   1.274424628e-06,        0.11116189,                 1,                 1,                 1,              0.75,       10.78619524,      -1.943611097,    -0.08347102193,   -0.001618878291,      0.1685038743,     0.05825227184,       10.78619524,    -0.08347102193,      -1.943611097,     -0.1801943181
          0,           0,          33,      -3.813779625,      -3.378437941,      -3.694488897,      -3.473158833,      -6.414894291,     -0.5751559836,   1.269995848e-06,      0.1108328981,                 1,                 1,                 1,              0.75,       10.70833356,      -1.984294849,    -0.08231684892,   -0.001681333212,      0.1689085957,     0.05723686434,       10.70833356,    -0.08231684892,      -1.984294849,     -0.1853037952
          0,           0,          34,      -3.824272048,      -3.386562466,      -3.709728974,      -3.494618952,      -6.446106023,     -0.6063695023,    1.26580883e-06,      0.1105213001,                 1,                 1,                 1,              0.75,       10.62676507,      -2.024051303,    -0.08115046232,   -0.001729019693,      0.1696617713,     0.05611975781,       10.62676507,    -0.08115046232,      -2.024051303,     -0.1904673049
          0,           0,          35,      -3.834702177,      -3.394609498,      -3.724668066,      -3.515802587,      -6.475824683,     -0.6364420572,   1.261859362e-06,      0.1102268495,                 1,                 1,                 1,              0.75,       10.54204541,      -2.062840551,    -0.07999009706,   -0.001761210203,      0.1707647977,     0.05490791376,       10.54204541,    -0.07999009706,      -2.062840551,     -0.1956774487
          0,           0,          36,      -3.845127446,      -3.402592629,      -3.739300311,      -3.536669117,      -6.504049094,     -0.6654336506,   1.258142296e-06,      0.1099492275,                 1,                 1,                 1,              0.75,       10.45467731,      -2.100626305,    -0.07885292329,   -0.001777299699,      0.1722158849,     0.05360792407,       10.45467731,    -0.07885292329,      -2.100626305,     -0.2009269385
          0,           0,          37,      -3.855120358,      -3.410435008,      -3.753808219,      -3.557493745,      -6.530759344,      -0.693400751,   1.254038133e-06,      0.1096431049,                 1,                 1,                 1,              0.75,       10.36514911,      -2.137382321,    -0.07775450036,   -0.001776816931,      0.1740125541,     0.05222598906,       10.36514911,    -0.07775450036,      -2.137382321,     -0.2062085453
          0,           0,          38,      -3.864681873,      -3.418092403,      -3.768204125,      -3.578336436,      -6.555898434,     -0.7203808373,    1.24931392e-06,      0.1092913348,                 1,                 1,                 1,              0.75,       10.27391178,      -2.173089579,    -0.07670926196,   -0.001759404462,      0.1761506633,     0.05076783146,       10.27391178,    -0.07670926196,      -2.173089579,     -0.2115153045
          0,           0,          39,      -3.874735362,      -3.425724563,      -3.782216705,      -3.598696109,      -6.579395697,     -0.7464205648,   1.244819744e-06,      0.1089562095,                 1,                 1,                 1,              0.75,       10.18132983,      -2.207725891,    -0.07573124492,   -0.001724819332,      0.1786208198,     0.04923894627,       10.18132983,    -0.07573124492,      -2.207725891,     -0.2168406217
          0,           0,          40,      -3.885218848,      -3.433346431,      -3.795869665,       -3.61856691,      -6.601166316,     -0.7715821399,   1.240551011e-06,      0.1086374492,                 1,                 1,                 1,              0.75,       10.08773233,      -2.241272247,    -0.07483327025,   -0.001672934838,       0.181411858,     0.04764450542,       10.08773233,    -0.07483327025,      -2.241272247,     -0.2221780054
          0,           0,          41,      -3.896057689,      -3.440973448,      -3.809189796,      -3.637950409,      -6.621088452,     -0.7959213304,     1.2365022e-06,      0.1083347015,                 1,                 1,                 1,              0.75,       9.993415606,      -2.273712595,     -0.0740268896,   -0.001603737816,      0.1845111106,     0.04598940508,       9.993415606,     -0.0740268896,      -2.273712595,     -0.2275210684
          0,           0,          42,      -3.907175123,      -3.448610096,      -3.822206701,      -3.656855845,      -6.639010268,     -0.8194999482,   1.232667043e-06,      0.1080475558,                 1,                 1,                 1,              0.75,       9.898645771,      -2.305033658,    -0.07332253343,   -0.001517326502,      0.1879046415,     0.04427827858,       9.898645771,    -0.07332253343,      -2.305033658,     -0.2328635363
          0,           0,          43,      -3.918494767,      -3.456264635,      -3.834948809,      -3.675300881,      -6.654735138,     -0.8423727688,     1.2290388e-06,      0.1077755623,                 1,                 1,                 1,              0.75,       9.803661174,      -2.335224771,    -0.07272939543,   -0.001413916335,      0.1915774618,     0.04251554133,       9.803661174,    -0.07272939543,      -2.335224771,     -0.2381992533
          0,           0,          44,      -3.929941762,      -3.463941622,      -3.847444519,      -3.693310426,      -6.668026661,     -0.8645861216,    1.22561016e-06,      0.1075182258,                 1,                 1,                 1,              0.75,       9.708674811,      -2.364277655,     -0.0722554107,   -0.001293825291,      0.1955137303,     0.04070541985,       9.708674811,     -0.0722554107,      -2.364277655,     -0.2435221801
          0,           0,          45,       -3.94144355,      -3.471642321,      -3.859720095,      -3.710915684,      -6.678633743,     -0.8861968656,   1.222373388e-06,      0.1072750155,                 1,                 1,                 1,              0.75,       9.613876498,      -2.392186234,    -0.07190730933,     -0.0011574701,      0.1996969703,     0.03885192867,       9.613876498,    -0.07190730933,      -2.392186234,     -0.2488263953
          0,           0,          46,      -3.952930261,      -3.479372835,      -3.871796503,      -3.728152162,       -6.68627397,     -0.9072407571,   1.219320446e-06,      0.1070453743,                 1,                 1,                 1,              0.75,        9.51943476,      -2.418946675,    -0.07169069148,   -0.001005352965,      0.2041102574,     0.03695889978,        9.51943476,    -0.07169069148,      -2.418946675,     -0.2541061245
          0,           0,          47,      -3.964335134,       -3.48713603,       -3.88369328,      -3.745058229,      -6.690683219,     -0.9277587853,   1.216443102e-06,      0.1068287273,                 1,                 1,                 1,              0.75,       9.425498511,      -2.444557021,    -0.07161004444,  -0.0008380604409,      0.2087363444,     0.03503004458,       9.425498511,    -0.07161004444,      -2.444557021,     -0.2593557273
          0,           0,          48,      -3.975595217,      -3.494929489,       -3.89542272,      -3.761672413,       -6.69163978,     -0.9478033891,   1.213733014e-06,      0.1066244875,                 1,                 1,                 1,              0.75,        9.33219878,      -2.469017255,    -0.07166873759,  -0.0006562660272,      0.2135578217,     0.03306898118,        9.33219878,    -0.07166873759,      -2.469017255,     -0.2645697239
          0,           0,          49,      -3.986652007,      -3.502750445,      -3.906990851,       -3.77803252,      -6.688982236,     -0.9674288098,   1.211181806e-06,      0.1064320621,                 1,                 1,                 1,              0.75,       9.239650196,      -2.492329127,    -0.07186914173,  -0.0004607135473,      0.2185572607,     0.03107926004,       9.239650196,    -0.07186914173,      -2.492329127,     -0.2697428013
          0,           0,          50,      -3.997452243,      -3.510596633,      -3.918396905,      -3.794172393,      -6.682597285,     -0.9866369611,   1.208781135e-06,      0.1062508572,                 1,                 1,                 1,              0.75,       9.147952247,      -2.514495951,    -0.07221260452,  -0.0002522138915,      0.2237173149,     0.02906436303,       9.147952247,    -0.07221260452,      -2.514495951,      -0.274869816
          0,           0,          51,      -4.007948545,      -3.518458331,       -3.92963315,      -3.810121053,      -6.672489486,      -1.005437159,   1.206522748e-06,      0.1060802828,                 1,                 1,                 1,              0.75,       9.057190611,       -2.53552249,    -0.07269944696,  -3.163534617e-05,      0.2290208091,     0.02702773299,       9.057190611,    -0.07269944696,       -2.53552249,      -0.279945802
          0,           0,          52,      -4.018099928,      -3.526322254,      -3.940683575,      -3.825900062,      -6.680569983,      -1.023874764,   1.204398539e-06,      0.1059197565,                 1,                 1,                 1,              0.75,        8.96743826,      -2.555414855,    -0.07332902684,   0.0002001114597,      0.2344508456,      0.0249727759,        8.96743826,    -0.07332902684,      -2.555414855,     -0.2849659825
          0,           0,          53,      -4.027872387,      -3.534180293,      -3.951525348,      -3.841521508,      -6.689552451,      -1.041969926,   1.202400659e-06,      0.1057687126,                 1,                 1,                 1,              0.75,        8.87875646,      -2.574180475,    -0.07409983794,   0.0004420819134,      0.2399909006,     0.02290289037,        8.87875646,    -0.07409983794,      -2.574180475,     -0.2899257893
          0,           0,          54,      -4.037239191,      -3.542021396,      -3.962128119,      -3.856987094,      -6.695532161,      -1.059738452,    1.20052152e-06,      0.1056266021,                 1,                 1,                 1,              0.75,       8.791195695,      -2.591828074,    -0.07500944241,   0.0006932966195,      0.2456248708,     0.02082149659,       8.791195695,    -0.07500944241,      -2.591828074,     -0.2948208826
          0,           0,          55,       -4.04618105,      -3.549832725,      -3.972454384,       -3.87228617,      -6.698567155,       -1.07720418,   1.198753787e-06,      0.1054928926,                 1,                 1,                 1,              0.75,       8.704796642,      -2.608367604,    -0.07605461767,   0.0009527516433,      0.2513371401,     0.01873203157,       8.704796642,    -0.07605461767,      -2.608367604,     -0.2996471614
          0,           0,          56,      -4.054686172,      -3.557602941,      -3.982457643,      -3.887393767,      -6.698746629,      -1.094386264,   1.197090488e-06,      0.1053670763,                 1,                 1,                 1,              0.75,       8.619590798,      -2.623810139,    -0.07723146409,    0.001219418412,      0.2571126245,     0.01663796527,       8.619590798,    -0.07723146409,      -2.623810139,     -0.3044007773
          0,           0,          57,      -4.062749867,      -3.565311443,      -3.992091536,      -3.902270386,      -6.696194213,      -1.111297247,   1.195524877e-06,      0.1052486609,                 1,                 1,                 1,              0.75,       8.535601296,      -2.638167858,    -0.07853543229,    0.001492257127,      0.2629368188,     0.01454279577,       8.535601296,    -0.07853543229,      -2.638167858,       -0.30907815
          0,           0,          58,      -4.070374215,      -3.572941469,      -4.001301835,      -3.916860573,      -6.691077796,      -1.127983365,   1.194050483e-06,      0.1051371721,                 1,                 1,                 1,              0.75,       8.452843654,      -2.651453939,    -0.07996137875,    0.001770222698,      0.2687958103,     0.01245003765,       8.452843654,    -0.07996137875,      -2.651453939,     -0.3136759707
          0,           0,          59,      -4.077567652,      -3.580477325,      -4.010031652,      -3.931092366,      -6.683573048,      -1.144437796,   1.192661134e-06,      0.1050321568,                 1,                 1,                 1,              0.75,       8.371326518,      -2.663682482,    -0.08150368491,    0.002052270442,      0.2746762973,     0.01036323128,       8.371326518,    -0.08150368491,      -2.663682482,     -0.3181912062
          0,           0,          60,      -4.084344284,      -3.587900673,      -4.018223457,      -3.944877347,      -6.673877826,      -1.160650035,   1.191350986e-06,      0.1049331846,                 1,                 1,                 1,              0.75,       8.291052154,      -2.674868571,    -0.08315623397,    0.002337351945,      0.2805656198,    0.008285947296,       8.291052154,    -0.08315623397,      -2.674868571,     -0.3226211247
          0,           0,          61,      -4.090723111,       -3.59519377,      -4.025820764,      -3.958111455,      -6.662207489,      -1.176623897,   1.190114534e-06,      0.1048398492,                 1,                 1,                 1,              0.75,       8.212017086,      -2.685028169,     -0.0849124761,    0.002624430472,       0.286451763,    0.006221756319,       8.212017086,     -0.0849124761,      -2.685028169,     -0.3269632955
          0,           0,          62,      -4.096727239,      -3.602338849,      -4.032769956,      -3.970677167,      -6.648781274,      -1.192366691,   1.188946623e-06,       0.104751769,                 1,                 1,                 1,              0.75,       8.134212707,       -2.69417813,    -0.08676550912,    0.002912484155,      0.2923233804,    0.004174234139,       8.134212707,    -0.08676550912,       -2.69417813,     -0.3312155985
          0,           0,          63,      -4.102383047,      -3.609320361,      -4.039020685,      -3.982446558,       -6.63381462,      -1.207883033,   1.187842452e-06,      0.1046685878,                 1,                 1,                 1,              0.75,       8.057625769,       -2.70233611,    -0.08870811431,     0.00320051546,       0.298169781,    0.002146951449,       8.057625769,    -0.08870811431,       -2.70233611,     -0.3353762246
          0,           0,          64,      -4.107719331,      -3.616120964,      -4.044530167,      -3.993285811,      -6.617510271,      -1.223150908,   1.186797573e-06,       0.104589975,                 1,                 1,                 1,              0.75,       7.982238925,      -2.709520522,    -0.09073285423,    0.003487549815,      0.3039809311,   0.0001434662361,       7.982238925,    -0.09073285423,      -2.709520522,     -0.3394436758
          0,           0,          65,      -4.112766522,      -3.622728079,      -4.049266065,        -4.0030612,      -6.600056224,      -1.238147251,    1.18580789e-06,      0.1045156252,                 1,                 1,                 1,              0.75,       7.908031206,      -2.715750496,    -0.09283205942,    0.003772641663,      0.3097474443,   -0.001832691828,       7.908031206,    -0.09283205942,      -2.715750496,     -0.3434167652
          0,           0,          66,      -4.117555934,      -3.629134788,      -4.053204323,      -4.011645853,      -6.596548081,      -1.252863159,   1.184869654e-06,      0.1044452579,                 1,                 1,                 1,              0.75,        7.83497852,      -2.721045812,    -0.09499785099,    0.004054876283,      0.3154605634,   -0.003778024347,        7.83497852,    -0.09499785099,      -2.721045812,     -0.3472946103
          0,           0,          67,      -4.122119288,      -3.635327844,      -4.056335491,       -4.01892787,      -6.604329188,      -1.267293913,    1.18397945e-06,      0.1043786175,                 1,                 1,                 1,              0.75,       7.763054032,      -2.725426909,    -0.09722219378,    0.004333376264,      0.3211121584,   -0.005689079445,       7.763054032,    -0.09722219378,      -2.725426909,     -0.3510766378
          0,           0,          68,      -4.126487965,      -3.641298726,      -4.058659501,      -4.024817721,       -6.60903735,      -1.281464845,   1.183134194e-06,      0.1043154718,                 1,                 1,                 1,              0.75,       7.692228545,      -2.728914829,    -0.09949692845,    0.004607297293,      0.3266946921,   -0.007562466817,       7.692228545,    -0.09949692845,      -2.728914829,     -0.3547625779
          0,           0,          69,      -4.130692555,      -3.647039009,      -4.060191039,      -4.029254533,      -6.610754409,      -1.295314403,   1.182331117e-06,       0.104255612,                 1,                 1,                 1,              0.75,       7.622470914,      -2.731531155,      -0.101813784,    0.004875827129,      0.3322011909,     -0.0093948686,       7.622470914,      -0.101813784,      -2.731531155,     -0.3583524537
          0,           0,          70,      -4.134762622,      -3.652542967,      -4.060956361,      -4.032211625,      -6.609592085,      -1.308825587,   1.181567753e-06,      0.1041988515,                 1,                 1,                 1,              0.75,       7.553748416,      -2.733297969,     -0.1041644394,    0.005138195007,      0.3376252395,    -0.01118305944,       7.553748416,     -0.1041644394,      -2.733297969,     -0.3618465719
          0,           0,          71,      -4.138726381,      -3.657808118,      -4.060992845,      -4.033698861,      -6.605688246,      -1.322004116,   1.180841925e-06,      0.1041450248,                 1,                 1,                 1,              0.75,       7.486027072,      -2.734237794,     -0.1065405285,    0.005393671059,       0.342960946,    -0.01292391937,       7.486027072,     -0.1065405285,      -2.734237794,     -0.3652455125
          0,           0,          72,      -4.142610522,      -3.662834029,      -4.060347494,      -4.033761884,      -6.599201346,      -1.334836427,   1.180151736e-06,      0.1040939868,                 1,                 1,                 1,              0.75,       7.419271959,      -2.734373586,     -0.1089336579,    0.005641570237,      0.3482029266,     -0.0146144358,       7.419271959,     -0.1089336579,      -2.734373586,     -0.3685501221
          0,           0,          73,      -4.146440197,      -3.667619135,      -4.059073232,      -4.032480873,      -6.590308949,      -1.347316814,   1.179495545e-06,      0.1040456117,                 1,                 1,                 1,              0.75,       7.353447492,      -2.733728647,     -0.1113354397,    0.005881258505,      0.3533462768,    -0.01625173074,       7.353447492,     -0.1113354397,      -2.733728647,     -0.3717614969
          0,           0,          74,      -4.150238623,      -3.672165377,      -4.057230632,       -4.02996266,      -6.579200046,      -1.359433085,    1.17887196e-06,      0.1039997915,                 1,                 1,                 1,              0.75,       7.288517708,      -2.732326592,      -0.113737546,      0.0061121436,      0.3583865525,    -0.01783306012,       7.288517708,      -0.113737546,      -2.732326592,     -0.3748809705
          0,           0,          75,      -4.154049666,      -3.676365297,       -4.05460701,      -4.026107544,      -6.570931466,      -1.371115583,   1.178053226e-06,      0.1039395308,                 1,                 1,                 1,              0.75,       7.224449943,      -2.730189527,     -0.1161322619,    0.006333701568,      0.3633206143,    -0.01935600364,       7.224449943,     -0.1161322619,      -2.730189527,     -0.3779096745
          0,           0,          76,      -4.156968664,      -3.678736707,      -4.048381236,      -4.018478103,      -6.585913153,      -1.382341556,    1.17472641e-06,       0.103692155,                 1,                 1,                 1,              0.75,       7.161246149,       -2.72732089,     -0.1185168004,    0.006545707225,      0.3681544586,    -0.02082008155,       7.161246149,     -0.1185168004,       -2.72732089,     -0.3808444554
          0,           0,          77,      -4.159368095,      -3.680827744,      -4.042141529,      -4.010119824,      -6.599255355,      -1.393046794,   1.171510345e-06,      0.1034529908,                 1,                 1,                 1,              0.75,       7.098865023,      -2.723747044,     -0.1208835533,    0.006747686917,      0.3728836352,    -0.02222281554,       7.098865023,     -0.1208835533,      -2.723747044,      -0.383687679
          0,           0,          78,       -4.16209047,      -3.682880848,      -4.036008518,      -4.001372694,      -6.610923967,      -1.403220933,   1.168403967e-06,      0.1032219636,                 1,                 1,                 1,              0.75,       7.037267533,      -2.719494993,     -0.1232249551,    0.006939213602,      0.3775041606,    -0.02356184501,       7.037267533,     -0.1232249551,      -2.719494993,     -0.3864418939
          0,           0,          79,      -4.165409084,      -3.684976547,      -4.030028998,      -3.992442865,      -6.620852623,      -1.412856375,   1.165406242e-06,      0.1029989997,                 1,                 1,                 1,              0.75,       6.976416479,      -2.714592088,     -0.1255334965,    0.007119906725,      0.3820125064,    -0.02483493778,       6.976416479,     -0.1255334965,      -2.714592088,     -0.3891098097
